Category,Urls
Forex,https://kqmarkets.co.uk/article/2022-01-10/usdjpy-neutral-pre-us-inflation-data?back=%2Fanalysis%2Fmarket-analysis%3Fpage%3D1
Forex,https://kqmarkets.co.uk/article/2021-12-23/eurusd-neutral-post-us-inflation-data?back=%2Fanalysis%2Fmarket-analysis%3Fpage%3D1
Forex,https://kqmarkets.co.uk/article/2021-12-10/audusd-short-post-us-inflation-data?back=%2Fanalysis%2Fmarket-analysis%3Fpage%3D1
Forex,https://kqmarkets.co.uk/article/2021-11-23/usdjpy-short-post-bank-of-japan-pre-fed?back=%2Fanalysis%2Fmarket-analysis%3Fpage%3D1
Forex,https://kqmarkets.co.uk/article/2021-11-02/usdjpy-long-key-support-level?back=%2Fanalysis%2Fmarket-analysis%3Fpage%3D1
Metals,https://kqmarkets.co.uk/article/2021-10-22/gold-long-pre-inflation-data?back=%2Fanalysis%2Fmarket-analysis%3Fpage%3D1
Metals,https://kqmarkets.co.uk/article/2021-09-11/silver-short-further-downside-potential?back=%2Fanalysis%2Fmarket-analysis%3Fpage%3D1
Crypto,https://kqmarkets.co.uk/article/2021-09-05/bitcoin-neutral-descending-triangle-pattern?back=%2Fanalysis%2Fmarket-analysis%3Fpage%3D1
Indices,https://kqmarkets.co.uk/article/2021-08-30/dax-long-key-resistance-level?back=%2Fanalysis%2Fmarket-analysis%3Fpage%3D1
Forex,https://kqmarkets.co.uk/article/2021-08-19/eurusd-short-post-fomc-minutes?back=%2Fanalysis%2Fmarket-analysis%3Fpage%3D2
Forex,https://kqmarkets.co.uk/article/2021-08-12/audusd-short-below-key-resistance?back=%2Fanalysis%2Fmarket-analysis%3Fpage%3D2
Metals,https://kqmarkets.co.uk/article/2021-07-30/gold-long-post-fed?back=%2Fanalysis%2Fmarket-analysis%3Fpage%3D2
Metals,https://kqmarkets.co.uk/article/2021-07-27/silver-short-pre-fed?back=%2Fanalysis%2Fmarket-analysis%3Fpage%3D2
Metals,https://kqmarkets.co.uk/article/2021-07-25/silver-still-long-rally-resumes-after-pullback?back=%2Fanalysis%2Fmarket-analysis%3Fpage%3D2
Metals,https://kqmarkets.co.uk/article/2021-07-23/silver-breaks-above-long-term-resistance?back=%2Fanalysis%2Fmarket-analysis%3Fpage%3D2
Indices,https://kqmarkets.co.uk/article/2021-07-22/dax-consolidated-above-key-resistance?back=%2Fanalysis%2Fmarket-analysis%3Fpage%3D2
Crypto,https://kqmarkets.co.uk/article/2021-07-21/bitcoin-above-key-support?back=%2Fanalysis%2Fmarket-analysis%3Fpage%3D2
Crypto,https://kqmarkets.co.uk/article/2021-07-20/bitcoin-short-below-key-resistance-level?back=%2Fanalysis%2Fmarket-analysis%3Fpage%3D2
Forex,https://kqmarkets.co.uk/article/2021-07-19/usdjpy-neutral?back=%2Fanalysis%2Fmarket-analysis%3Fpage%3D3
Forex,https://kqmarkets.co.uk/article/2021-07-15/eurusd-long-post-powell-testimony?back=%2Fanalysis%2Fmarket-analysis%3Fpage%3D3
Forex,https://kqmarkets.co.uk/article/2021-07-14/audusd-neutral-pre-powell-testimony?back=%2Fanalysis%2Fmarket-analysis%3Fpage%3D3
Metals,https://kqmarkets.co.uk/article/2021-07-13/gold-long-post-us-inflation-data?back=%2Fanalysis%2Fmarket-analysis%3Fpage%3D3
Forex,https://kqmarkets.co.uk/article/2021-05-30/usdjpy-neutral?back=%2Fanalysis%2Fmarket-analysis%3Fpage%3D3
Forex,https://kqmarkets.co.uk/article/2021-04-09/audusd-long-above-key-support?back=%2Fanalysis%2Fmarket-analysis%3Fpage%3D3
Forex,https://kqmarkets.co.uk/article/2021-03-24/eurusd-short-continued-downward-momentum?back=%2Fanalysis%2Fmarket-analysis%3Fpage%3D3
Forex,https://kqmarkets.co.uk/article/2021-03-22/audusd-long-pre-data-releases?back=%2Fanalysis%2Fmarket-analysis%3Fpage%3D3
Metals,https://kqmarkets.co.uk/article/2021-03-19/gold-neutral-post-fed?back=%2Fanalysis%2Fmarket-analysis%3Fpage%3D3
Metals,https://kqmarkets.co.uk/article/2021-03-18/silver-neutral-post-fed?back=%2Fanalysis%2Fmarket-analysis%3Fpage%3D4
Forex,https://kqmarkets.co.uk/article/2021-03-01/eurusd-short-pre-data-releases?back=%2Fanalysis%2Fmarket-analysis%3Fpage%3D4
Forex,https://kqmarkets.co.uk/article/28-feb-2021/audusd-long-despite-pullback?back=%2Fanalysis%2Fmarket-analysis%3Fpage%3D4
Indices,https://kqmarkets.co.uk/article/2021-02-24/dax-still-short-despite-limited-price-action?back=%2Fanalysis%2Fmarket-analysis%3Fpage%3D4
Metals,https://kqmarkets.co.uk/article/2021-02-19/gold-neutral?back=%2Fanalysis%2Fmarket-analysis%3Fpage%3D4
Metals,https://kqmarkets.co.uk/article/2021-02-18/silver-neutral?back=%2Fanalysis%2Fmarket-analysis%3Fpage%3D4
Crypto,https://kqmarkets.co.uk/article/2021-02-17/bitcoin-long-new-record-highs?back=%2Fanalysis%2Fmarket-analysis%3Fpage%3D4
Forex,https://kqmarkets.co.uk/article/2021-02-14/usdjpy-neutral-pre-data-releases?back=%2Fanalysis%2Fmarket-analysis%3Fpage%3D4
Forex,https://kqmarkets.co.uk/article/2021-02-12/eurusd-neutral?back=%2Fanalysis%2Fmarket-analysis%3Fpage%3D4
Forex,https://kqmarkets.co.uk/article/2021-02-11/audusd-still-long-despite-limited-price-action?back=%2Fanalysis%2Fmarket-analysis%3Fpage%3D5
Indices,https://kqmarkets.co.uk/article/2021-02-10/dax-short-post-all-time-highs?back=%2Fanalysis%2Fmarket-analysis%3Fpage%3D5
Crypto,https://kqmarkets.co.uk/article/2021-02-07/bitcoin-still-long-despite-pullback?back=%2Fanalysis%2Fmarket-analysis%3Fpage%3D5
Metals,https://kqmarkets.co.uk/article/2021-02-01/gold-long-above-key-support?back=%2Fanalysis%2Fmarket-analysis%3Fpage%3D5
Metals,https://kqmarkets.co.uk/article/2021-01-28/silver-still-short-below-key-resistance?back=%2Fanalysis%2Fmarket-analysis%3Fpage%3D5
Forex,https://kqmarkets.co.uk/article/2021-01-23/eurusd-long-pre-fed?back=%2Fanalysis%2Fmarket-analysis%3Fpage%3D5
Forex,https://kqmarkets.co.uk/article/2021-01-21/audusd-long-post-australian-jobs-report?back=%2Fanalysis%2Fmarket-analysis%3Fpage%3D5
Indices,https://kqmarkets.co.uk/article/2021-01-20/dax-still-neutral?back=%2Fanalysis%2Fmarket-analysis%3Fpage%3D5
Crypto,https://kqmarkets.co.uk/article/2021-01-18/bitcoin-long?back=%2Fanalysis%2Fmarket-analysis%3Fpage%3D5
Metals,https://kqmarkets.co.uk/article/2021-01-15/gold-neutral?back=%2Fanalysis%2Fmarket-analysis%3Fpage%3D6
Metals,https://kqmarkets.co.uk/article/2021-01-12/silver-short-below-key-resistance?back=%2Fanalysis%2Fmarket-analysis%3Fpage%3D6
Forex,https://kqmarkets.co.uk/article/2021-01-12/usdjpy-neutral?back=%2Fanalysis%2Fmarket-analysis%3Fpage%3D6
Forex,https://kqmarkets.co.uk/article/2021-01-07/audusd-long-upward-momentum?back=%2Fanalysis%2Fmarket-analysis%3Fpage%3D6
Indices,https://kqmarkets.co.uk/article/2021-01-05/dax-neutral?back=%2Fanalysis%2Fmarket-analysis%3Fpage%3D6
Indices,https://kqmarkets.co.uk/article/2021-01-05/dax-neutra?back=%2Fanalysis%2Fmarket-analysis%3Fpage%3D6
Crypto,https://kqmarkets.co.uk/article/2020-12-30/bitcoin-long-strong-upward-momentum?back=%2Fanalysis%2Fmarket-analysis%3Fpage%3D6
Metals,https://kqmarkets.co.uk/article/2020-12-30/gold-neutral?back=%2Fanalysis%2Fmarket-analysis%3Fpage%3D6
Metals,https://kqmarkets.co.uk/article/2020-12-29/silver-neutral?back=%2Fanalysis%2Fmarket-analysis%3Fpage%3D6
Forex,https://kqmarkets.co.uk/article/2020-12-24/eurusd-long-strong-uptrend?back=%2Fanalysis%2Fmarket-analysis%3Fpage%3D7
Forex,https://kqmarkets.co.uk/article/2020-12-23/audusd-long-above-key-support?back=%2Fanalysis%2Fmarket-analysis%3Fpage%3D7
Indices,https://kqmarkets.co.uk/article/2020-12-22/dax-neutra?back=%2Fanalysis%2Fmarket-analysis%3Fpage%3D7
Indices,https://kqmarkets.co.uk/article/2020-12-22/dax-neutral?back=%2Fanalysis%2Fmarket-analysis%3Fpage%3D7
Crypto,https://kqmarkets.co.uk/article/2020-12-21/bitcoin-long-strong-upward-momentum?back=%2Fanalysis%2Fmarket-analysis%3Fpage%3D7
Crypto,https://kqmarkets.co.uk/article/2020-12-21/bitcoin-long-all-time-highs?back=%2Fanalysis%2Fmarket-analysis%3Fpage%3D7
Metals,https://kqmarkets.co.uk/article/2020-12-20/gold-neutral-post-fomc?back=%2Fanalysis%2Fmarket-analysis%3Fpage%3D7
Metals,https://kqmarkets.co.uk/article/2020-12-17/silver-neutral-post-fom?back=%2Fanalysis%2Fmarket-analysis%3Fpage%3D7
Forex,https://kqmarkets.co.uk/article/2020-12-16/usdjpy-short-post-fomc?back=%2Fanalysis%2Fmarket-analysis%3Fpage%3D7
Forex,https://kqmarkets.co.uk/article/2020-12-14/audusd-long-pre-fomc?back=%2Fanalysis%2Fmarket-analysis%3Fpage%3D8
Forex,https://kqmarkets.co.uk/article/2020-12-11/urusd-still-long-post-ecb?back=%2Fanalysis%2Fmarket-analysis%3Fpage%3D8
Forex,https://kqmarkets.co.uk/article/2020-12-11/eurusd-still-long-post-ecb?back=%2Fanalysis%2Fmarket-analysis%3Fpage%3D8
Indices,https://kqmarkets.co.uk/article/2020-12-10/dax-neutral-pre-ecb?back=%2Fanalysis%2Fmarket-analysis%3Fpage%3D8
Indices,https://kqmarkets.co.uk/article/2020-12-10/ax-neutral-pre-ecb?back=%2Fanalysis%2Fmarket-analysis%3Fpage%3D8
Crypto,https://kqmarkets.co.uk/article/2020-12-09/bitcoin-still-long-above-key-support?back=%2Fanalysis%2Fmarket-analysis%3Fpage%3D8
Metals,https://kqmarkets.co.uk/article/2020-12-08/gold-neutral?back=%2Fanalysis%2Fmarket-analysis%3Fpage%3D8
Metals,https://kqmarkets.co.uk/article/2020-12-07/silver-still-short-despite-rebound?back=%2Fanalysis%2Fmarket-analysis%3Fpage%3D8
Forex,https://kqmarkets.co.uk/article/2020-12-04/usdjpy-short-pre-non-farm-payrolls?back=%2Fanalysis%2Fmarket-analysis%3Fpage%3D8
Forex,https://kqmarkets.co.uk/article/2020-12-03/eurusd-still-long-further-upside-potential?back=%2Fanalysis%2Fmarket-analysis%3Fpage%3D9
Forex,https://kqmarkets.co.uk/article/2020-12-02/audusd-neutral?back=%2Fanalysis%2Fmarket-analysis%3Fpage%3D9
Indices,https://kqmarkets.co.uk/article/2020-12-01/dax-neutral-despite-strong-upward-momentum?back=%2Fanalysis%2Fmarket-analysis%3Fpage%3D9
Crypto,https://kqmarkets.co.uk/article/2020-11-30/bitcoin-long-continued-upward-momentum?back=%2Fanalysis%2Fmarket-analysis%3Fpage%3D9
Metals,https://kqmarkets.co.uk/article/2020-11-27/gold-short-key-support-broken?back=%2Fanalysis%2Fmarket-analysis%3Fpage%3D9
Metals,https://kqmarkets.co.uk/article/2020-11-26/silver-short-continued-downward-momentum?back=%2Fanalysis%2Fmarket-analysis%3Fpage%3D9
Forex,https://kqmarkets.co.uk/article/2020-11-25/usdjpy-short-continued-downtrend?back=%2Fanalysis%2Fmarket-analysis%3Fpage%3D9
Forex,https://kqmarkets.co.uk/article/2020-11-24/eurusd-long-above-key-resistance?back=%2Fanalysis%2Fmarket-analysis%3Fpage%3D9
Forex,https://kqmarkets.co.uk/article/2020-11-23/audusd-still-neutral?back=%2Fanalysis%2Fmarket-analysis%3Fpage%3D9
Forex,https://kqmarkets.co.uk/article/2020-11-23/audusd-still-neutral?back=%2Fanalysis%2Fmarket-analysis%3Fpage%3D10
Indices,https://kqmarkets.co.uk/article/2020-11-20/dax-short-downside-potential?back=%2Fanalysis%2Fmarket-analysis%3Fpage%3D10
Crypto,https://kqmarkets.co.uk/article/2020-11-19/bitcoin-long-upward-momentum-towards-all-time-highs?back=%2Fanalysis%2Fmarket-analysis%3Fpage%3D10
Metals,https://kqmarkets.co.uk/article/2020-11-18/gold-still-short-despite-limited-price-action?back=%2Fanalysis%2Fmarket-analysis%3Fpage%3D10
Forex,https://kqmarkets.co.uk/article/2020-11-13/eurusd-long?back=%2Fanalysis%2Fmarket-analysis%3Fpage%3D10
Forex,https://kqmarkets.co.uk/article/2020-11-12/audusd-neutral?back=%2Fanalysis%2Fmarket-analysis%3Fpage%3D10
Indices,https://kqmarkets.co.uk/article/2020-11-11/dax-neutral?back=%2Fanalysis%2Fmarket-analysis%3Fpage%3D10
Crypto,https://kqmarkets.co.uk/article/2020-11-10/bitcoin-still-long-despite-pullback?back=%2Fanalysis%2Fmarket-analysis%3Fpage%3D10
Metals,https://kqmarkets.co.uk/article/2020-11-09/gold-short?back=%2Fanalysis%2Fmarket-analysis%3Fpage%3D10
Metals,https://kqmarkets.co.uk/article/2020-11-06/silver-neutral?back=%2Fanalysis%2Fmarket-analysis%3Fpage%3D11
Forex,https://kqmarkets.co.uk/article/2020-11-04/usdjpy-short-below-key-resistance?back=%2Fanalysis%2Fmarket-analysis%3Fpage%3D11
Forex,https://kqmarkets.co.uk/article/2020-11-03/eurusd-neutral-pre-us-election?back=%2Fanalysis%2Fmarket-analysis%3Fpage%3D11
Crypto,https://kqmarkets.co.uk/article/2020-10-28/bitcoin-long-10000-price-target?back=%2Fanalysis%2Fmarket-analysis%3Fpage%3D11
Indices,https://kqmarkets.co.uk/article/2020-10-28/dax-still-short-key-support-broken?back=%2Fanalysis%2Fmarket-analysis%3Fpage%3D11
Forex,https://kqmarkets.co.uk/article/2020-10-26/audusd-short?back=%2Fanalysis%2Fmarket-analysis%3Fpage%3D11
Forex,https://kqmarkets.co.uk/article/2020-10-23/usdjpy-short-continued-downward-momentum?back=%2Fanalysis%2Fmarket-analysis%3Fpage%3D11
Forex,https://kqmarkets.co.uk/article/2020-10-22/eurusd-long-above-key-resistance?back=%2Fanalysis%2Fmarket-analysis%3Fpage%3D11
Metals,https://kqmarkets.co.uk/article/2020-10-21/gold-neutral?back=%2Fanalysis%2Fmarket-analysis%3Fpage%3D11
Indices,https://kqmarkets.co.uk/article/2020-10-18/dax-long-upside-potential?back=%2Fanalysis%2Fmarket-analysis%3Fpage%3D12
Crypto,https://kqmarkets.co.uk/article/2020-10-16/bitcoin-still-long-upward-momentum?back=%2Fanalysis%2Fmarket-analysis%3Fpage%3D12
Forex,https://kqmarkets.co.uk/article/2020-10-15/usdjpy-short-consolidated-below-key-support?back=%2Fanalysis%2Fmarket-analysis%3Fpage%3D12
Forex,https://kqmarkets.co.uk/article/2020-10-14/eurusd-neutral-below-key-resistance?back=%2Fanalysis%2Fmarket-analysis%3Fpage%3D12
Forex,https://kqmarkets.co.uk/article/2020-10-13/audusd-short-continued-downtrend?back=%2Fanalysis%2Fmarket-analysis%3Fpage%3D12
Metals,https://kqmarkets.co.uk/article/2020-10-12/gold-neutral-below-key-resistance?back=%2Fanalysis%2Fmarket-analysis%3Fpage%3D12
Indices,https://kqmarkets.co.uk/article/2020-10-08/dax-neutral-post-ecb?back=%2Fanalysis%2Fmarket-analysis%3Fpage%3D12
Forex,https://kqmarkets.co.uk/article/2020-10-06/usdjpy-short-continued-downtrend?back=%2Fanalysis%2Fmarket-analysis%3Fpage%3D12
Forex,https://kqmarkets.co.uk/article/2020-10-05/eurusd-neutral-below-key-resistance?back=%2Fanalysis%2Fmarket-analysis%3Fpage%3D12
Forex,https://kqmarkets.co.uk/article/2020-10-02/audusd-neutral-awaiting-further-price-action?back=%2Fanalysis%2Fmarket-analysis%3Fpage%3D13
Metals,https://kqmarkets.co.uk/article/2020-10-01/gold-neutral-despite-base-of-descending-triangle-broken?back=%2Fanalysis%2Fmarket-analysis%3Fpage%3D13
Metals,https://kqmarkets.co.uk/article/2020-09-30/silver-short-base-of-descending-triangle-broken?back=%2Fanalysis%2Fmarket-analysis%3Fpage%3D13
Indices,https://kqmarkets.co.uk/article/2020-09-29/dax-short-below-key-resistance?back=%2Fanalysis%2Fmarket-analysis%3Fpage%3D13
Forex,https://kqmarkets.co.uk/article/2020-09-24/usdjpy-still-short-despite-rise?back=%2Fanalysis%2Fmarket-analysis%3Fpage%3D13
Forex,https://kqmarkets.co.uk/article/2020-09-24/usdjpy-still-short-despite-rise?back=%2Fanalysis%2Fmarket-analysis%3Fpage%3D13
Forex,https://kqmarkets.co.uk/article/2020-09-23/eurusd-still-neutral-despite-drop?back=%2Fanalysis%2Fmarket-analysis%3Fpage%3D13
Forex,https://kqmarkets.co.uk/article/2020-09-22/audusd-still-neutral-despite-drop?back=%2Fanalysis%2Fmarket-analysis%3Fpage%3D13
Metals,https://kqmarkets.co.uk/article/2020-09-21/gold-short-base-of-descending-triangle-broken?back=%2Fanalysis%2Fmarket-analysis%3Fpage%3D13
Metals,https://kqmarkets.co.uk/article/2020-09-20/silver-short-descending-triangle?back=%2Fanalysis%2Fmarket-analysis%3Fpage%3D14
Forex,https://kqmarkets.co.uk/article/2020-09-19/eurusd-neutral-post-fomc?back=%2Fanalysis%2Fmarket-analysis%3Fpage%3D14
Crypto,https://kqmarkets.co.uk/article/2020-09-18/bitcoin-long-back-above-key-resistance?back=%2Fanalysis%2Fmarket-analysis%3Fpage%3D14
Forex,https://kqmarkets.co.uk/article/2020-09-16/audusd-neutral-pre-fomc?back=%2Fanalysis%2Fmarket-analysis%3Fpage%3D14
Metals,https://kqmarkets.co.uk/article/2020-09-14/gold-still-potential-for-a-rebound?back=%2Fanalysis%2Fmarket-analysis%3Fpage%3D14
Metals,https://kqmarkets.co.uk/article/2020-09-09/silver-continued-downside-potential?back=%2Fanalysis%2Fmarket-analysis%3Fpage%3D14
Crypto,https://kqmarkets.co.uk/article/2020-09-07/bitcoin-neutral-below-key-support?back=%2Fanalysis%2Fmarket-analysis%3Fpage%3D14
Forex,https://kqmarkets.co.uk/article/2020-09-02/usdjpy-neutral-stuck-in-range?back=%2Fanalysis%2Fmarket-analysis%3Fpage%3D14
Forex,https://kqmarkets.co.uk/article/2020-09-01/eurusd-continued-upward-momentum-pre-payrolls?back=%2Fanalysis%2Fmarket-analysis%3Fpage%3D14
Forex,https://kqmarkets.co.uk/article/2020-08-31/audusd-neutral-pre-rba?back=%2Fanalysis%2Fmarket-analysis%3Fpage%3D15
Metals,https://kqmarkets.co.uk/article/2020-08-27/gold-long-potential-rebound?back=%2Fanalysis%2Fmarket-analysis%3Fpage%3D15
Metals,https://kqmarkets.co.uk/article/2020-08-25/silver-potential-continued-pullback?back=%2Fanalysis%2Fmarket-analysis%3Fpage%3D15
Indices,https://kqmarkets.co.uk/article/2020-08-24/dax-consolidates-above-key-support?back=%2Fanalysis%2Fmarket-analysis%3Fpage%3D15
Crypto,https://kqmarkets.co.uk/article/2020-08-23/bitcoin-upside-potential-despite-pullback?back=%2Fanalysis%2Fmarket-analysis%3Fpage%3D15
Forex,https://kqmarkets.co.uk/article/2020-08-19/usdjpy-resumes-downtrend?back=%2Fanalysis%2Fmarket-analysis%3Fpage%3D15
Forex,https://kqmarkets.co.uk/article/2020-08-18/eurusd-continued-strong-upward-momentum?back=%2Fanalysis%2Fmarket-analysis%3Fpage%3D15
Forex,https://kqmarkets.co.uk/article/2020-08-17/audusd-continued-uptrend?back=%2Fanalysis%2Fmarket-analysis%3Fpage%3D15
Metals,https://kqmarkets.co.uk/article/2020-08-11/gold-sharp-drop-after-strong-rally?back=%2Fanalysis%2Fmarket-analysis%3Fpage%3D15
Metals,https://kqmarkets.co.uk/article/2020-08-10/silver-continued-exceptional-performance?back=%2Fanalysis%2Fmarket-analysis%3Fpage%3D16
Indices,https://kqmarkets.co.uk/article/2020-08-06/dax-upside-potential-despite-pullback?back=%2Fanalysis%2Fmarket-analysis%3Fpage%3D16
Crypto,https://kqmarkets.co.uk/article/2020-08-04/bitcoin-finally-broke-key-psychological-leve?back=%2Fanalysis%2Fmarket-analysis%3Fpage%3D16
Forex,https://kqmarkets.co.uk/article/2020-08-03/usdjpy-finally-out-of-range?back=%2Fanalysis%2Fmarket-analysis%3Fpage%3D16
Forex,https://kqmarkets.co.uk/article/2020-07-30/eurusd-continued-strong-upward-momentum-post-fed?back=%2Fanalysis%2Fmarket-analysis%3Fpage%3D16
Forex,https://kqmarkets.co.uk/article/2020-07-29/audusd-neutral-pre-fed?back=%2Fanalysis%2Fmarket-analysis%3Fpage%3D16
Metals,https://kqmarkets.co.uk/article/2020-07-27/gold-strong-upward-momentum?back=%2Fanalysis%2Fmarket-analysis%3Fpage%3D16
Forex,https://kqmarkets.co.uk/article/2020-07-20/usdjpy-stuck-in-range?back=%2Fanalysis%2Fmarket-analysis%3Fpage%3D16
Forex,https://kqmarkets.co.uk/article/2020-07-16/audusd-downside-potential?back=%2Fanalysis%2Fmarket-analysis%3Fpage%3D16
Metals,https://kqmarkets.co.uk/article/2020-07-15/silver-strong-upward-momentum?back=%2Fanalysis%2Fmarket-analysis%3Fpage%3D17
Indices,https://kqmarkets.co.uk/article/2020-07-14/dax-renewed-upward-momentum?back=%2Fanalysis%2Fmarket-analysis%3Fpage%3D17
Crypto,https://kqmarkets.co.uk/article/2020-07-13/bitcoin-continued-low-volatility?back=%2Fanalysis%2Fmarket-analysis%3Fpage%3D17
Forex,https://kqmarkets.co.uk/article/2020-07-09/usdjpy-stuck-in-range?back=%2Fanalysis%2Fmarket-analysis%3Fpage%3D17
Forex,https://kqmarkets.co.uk/article/2020-07-08/eurusd-continued-uptrend?back=%2Fanalysis%2Fmarket-analysis%3Fpage%3D17
Forex,https://kqmarkets.co.uk/article/2020-07-06/audusd-short-pre-rba?back=%2Fanalysis%2Fmarket-analysis%3Fpage%3D17
Metals,https://kqmarkets.co.uk/article/2020-07-01/gold-long-continued-uptrend?back=%2Fanalysis%2Fmarket-analysis%3Fpage%3D17
Indices,https://kqmarkets.co.uk/article/2020-06-29/dax-long-despite-downside-risks?back=%2Fanalysis%2Fmarket-analysis%3Fpage%3D17
Metals,https://kqmarkets.co.uk/article/2020-06-24/silver-long-upward-momentum?back=%2Fanalysis%2Fmarket-analysis%3Fpage%3D17
Metals,https://kqmarkets.co.uk/article/2020-06-20/silver-long-continued-uptrend?back=%2Fanalysis%2Fmarket-analysis%3Fpage%3D18
Forex,https://kqmarkets.co.uk/article/2020-06-18/usdjpy-neutral?back=%2Fanalysis%2Fmarket-analysis%3Fpage%3D18
Forex,https://kqmarkets.co.uk/article/2020-06-15/eurusd-long-eyeing-critical-resistance?back=%2Fanalysis%2Fmarket-analysis%3Fpage%3D18
Forex,https://kqmarkets.co.uk/article/2020-06-11/audusd-short-below-key-resistance?back=%2Fanalysis%2Fmarket-analysis%3Fpage%3D18
Forex,https://kqmarkets.co.uk/article/2020-06-11/udusd-short-below-key-resistance?back=%2Fanalysis%2Fmarket-analysis%3Fpage%3D18
Metals,https://kqmarkets.co.uk/article/2020-06-09/gold-long-despite-pullback?back=%2Fanalysis%2Fmarket-analysis%3Fpage%3D18
Metals,https://kqmarkets.co.uk/article/2020-06-04/silver-long-continued-upward-momentum?back=%2Fanalysis%2Fmarket-analysis%3Fpage%3D18
Indices,https://kqmarkets.co.uk/article/2020-06-02/dax-long-upward-momentum?back=%2Fanalysis%2Fmarket-analysis%3Fpage%3D18
Crypto,https://kqmarkets.co.uk/article/2020-06-01/bitcoin-long-despite-pullback?back=%2Fanalysis%2Fmarket-analysis%3Fpage%3D18
Forex,https://kqmarkets.co.uk/article/2020-05-30/usdjpy-neutral?back=%2Fanalysis%2Fmarket-analysis%3Fpage%3D19
Forex,https://kqmarkets.co.uk/article/2020-05-30/eurusd-long-upward-momentum?back=%2Fanalysis%2Fmarket-analysis%3Fpage%3D19
Metals,https://kqmarkets.co.uk/article/2020-05-25/audusd-short-admid-trade-tensions?back=%2Fanalysis%2Fmarket-analysis%3Fpage%3D19
Indices,https://kqmarkets.co.uk/article/2020-05-24/gold-upward-momentum?back=%2Fanalysis%2Fmarket-analysis%3Fpage%3D19
Crypto,https://kqmarkets.co.uk/article/2020-05-24/dax-short-after-double-top-formation?back=%2Fanalysis%2Fmarket-analysis%3Fpage%3D19
Forex,https://kqmarkets.co.uk/article/2020-05-20/bitcoin-edging-towards-key-psychological-level?back=%2Fanalysis%2Fmarket-analysis%3Fpage%3D19
Crypto,https://kqmarkets.co.uk/article/2020-05-16/usdjpy-neutral?back=%2Fanalysis%2Fmarket-analysis%3Fpage%3D19
Forex,https://kqmarkets.co.uk/article/2020-05-13/bitcoin-surge-price-could-fall-if-no-consolidation-around-7000?back=%2Fanalysis%2Fmarket-analysis%3Fpage%3D19
Forex,https://kqmarkets.co.uk/article/2020-05-13/eurusd-neutral?back=%2Fanalysis%2Fmarket-analysis%3Fpage%3D19
Metals,https://kqmarkets.co.uk/article/2020-05-12/audusd-short?back=%2Fanalysis%2Fmarket-analysis%3Fpage%3D20
Metals,https://kqmarkets.co.uk/article/2020-05-07/silver-long?back=%2Fanalysis%2Fmarket-analysis%3Fpage%3D20
Indices,https://kqmarkets.co.uk/article/2020-05-05/gold-long-upside-potential?back=%2Fanalysis%2Fmarket-analysis%3Fpage%3D20
Crypto,https://kqmarkets.co.uk/article/2020-05-04/dax-still-long-upside-potential?back=%2Fanalysis%2Fmarket-analysis%3Fpage%3D20
Forex,https://kqmarkets.co.uk/article/2020-04-30/bitcoin-still-long-continued-upside-potential?back=%2Fanalysis%2Fmarket-analysis%3Fpage%3D20
Forex,https://kqmarkets.co.uk/article/2020-04-29/eurusd-still-neutral?back=%2Fanalysis%2Fmarket-analysis%3Fpage%3D20
Crypto,https://kqmarkets.co.uk/article/2020-04-29/eurusd-still-neutral?back=%2Fanalysis%2Fmarket-analysis%3Fpage%3D20
Forex,https://kqmarkets.co.uk/article/2020-04-26/bitcoin-potential-head-and-shoulders-formation?back=%2Fanalysis%2Fmarket-analysis%3Fpage%3D20
Metals,https://kqmarkets.co.uk/article/2020-04-21/usd-jpy-still-long-above-key-support?back=%2Fanalysis%2Fmarket-analysis%3Fpage%3D20
Metals,https://kqmarkets.co.uk/article/2020-04-18/silver-still-long?back=%2Fanalysis%2Fmarket-analysis%3Fpage%3D21
Indices,https://kqmarkets.co.uk/article/2020-04-18/gold-still-long-despite-pullback?back=%2Fanalysis%2Fmarket-analysis%3Fpage%3D21
Crypto,https://kqmarkets.co.uk/article/2020-04-15/dax-still-long-upside-potential?back=%2Fanalysis%2Fmarket-analysis%3Fpage%3D21
Forex,https://kqmarkets.co.uk/article/2020-04-14/bitcoin-still-long-upside-potential?back=%2Fanalysis%2Fmarket-analysis%3Fpage%3D21
Forex,https://kqmarkets.co.uk/article/2020-04-13/usdjpy-still-long-above-key-support?back=%2Fanalysis%2Fmarket-analysis%3Fpage%3D21
Forex,https://kqmarkets.co.uk/article/2020-04-13/audusd-neutral?back=%2Fanalysis%2Fmarket-analysis%3Fpage%3D21
Metals,https://kqmarkets.co.uk/article/2020-04-13/eurusd-still-neutral?back=%2Fanalysis%2Fmarket-analysis%3Fpage%3D21
Metals,https://kqmarkets.co.uk/article/2020-04-08/gold-still-long-upside-potential?back=%2Fanalysis%2Fmarket-analysis%3Fpage%3D21
Indices,https://kqmarkets.co.uk/article/2020-04-07/silver-long-upside-potential?back=%2Fanalysis%2Fmarket-analysis%3Fpage%3D21
Crypto,https://kqmarkets.co.uk/article/2020-04-06/dax-long-above-key-support?back=%2Fanalysis%2Fmarket-analysis%3Fpage%3D22
Forex,https://kqmarkets.co.uk/article/2020-04-03/bitcoin-long-upside-potential?back=%2Fanalysis%2Fmarket-analysis%3Fpage%3D22
Forex,https://kqmarkets.co.uk/article/2020-04-01/audusd-short-below-key-resistance?back=%2Fanalysis%2Fmarket-analysis%3Fpage%3D22
Forex,https://kqmarkets.co.uk/article/2020-03-30/eurusd-still-neutral?back=%2Fanalysis%2Fmarket-analysis%3Fpage%3D22
Metals,https://kqmarkets.co.uk/article/2020-03-25/usdjpy-long-strong-upward-momentum?back=%2Fanalysis%2Fmarket-analysis%3Fpage%3D22
Metals,https://kqmarkets.co.uk/article/2020-03-24/silver-neutral?back=%2Fanalysis%2Fmarket-analysis%3Fpage%3D22
Crypto,https://kqmarkets.co.uk/article/2020-03-24/gold-long-above-key-support?back=%2Fanalysis%2Fmarket-analysis%3Fpage%3D22
Indices,https://kqmarkets.co.uk/article/2020-03-18/bitcoin-long-upside-potential?back=%2Fanalysis%2Fmarket-analysis%3Fpage%3D22
Forex,https://kqmarkets.co.uk/article/2020-03-18/dax-neutral?back=%2Fanalysis%2Fmarket-analysis%3Fpage%3D22
Forex,https://kqmarkets.co.uk/article/2020-03-17/eurusd-neutral?back=%2Fanalysis%2Fmarket-analysis%3Fpage%3D23
Forex,https://kqmarkets.co.uk/article/2020-03-17/usdjpy-long-above-key-support?back=%2Fanalysis%2Fmarket-analysis%3Fpage%3D23
Metals,https://kqmarkets.co.uk/article/2020-03-16/audusd-neutral-despite-significant-downward-momentum?back=%2Fanalysis%2Fmarket-analysis%3Fpage%3D23
Metals,https://kqmarkets.co.uk/article/2020-03-13/gold-still-long-above-key-support?back=%2Fanalysis%2Fmarket-analysis%3Fpage%3D23
Crypto,https://kqmarkets.co.uk/article/2020-03-13/silver-long-above-key-support?back=%2Fanalysis%2Fmarket-analysis%3Fpage%3D23
Indices,https://kqmarkets.co.uk/article/2020-03-12/bitcoin-neutral?back=%2Fanalysis%2Fmarket-analysis%3Fpage%3D23
Forex,https://kqmarkets.co.uk/article/2020-03-12/dax-still-neutral?back=%2Fanalysis%2Fmarket-analysis%3Fpage%3D23
Forex,https://kqmarkets.co.uk/article/2020-03-11/usdjpy-long-above-key-support?back=%2Fanalysis%2Fmarket-analysis%3Fpage%3D23
Indices,https://kqmarkets.co.uk/article/2020-03-11/eurusd-long-strong-upward-momentum?back=%2Fanalysis%2Fmarket-analysis%3Fpage%3D23
Crypto,https://kqmarkets.co.uk/article/2020-03-11/audusd-short-continued-downside-potential?back=%2Fanalysis%2Fmarket-analysis%3Fpage%3D24
Forex,https://kqmarkets.co.uk/article/2020-03-06/dax-still-neutral-dax?back=%2Fanalysis%2Fmarket-analysis%3Fpage%3D24
Forex,https://kqmarkets.co.uk/article/2020-03-05/bitcoin-long-continued-upward-momentum?back=%2Fanalysis%2Fmarket-analysis%3Fpage%3D24
Forex,https://kqmarkets.co.uk/article/2020-03-04/audusd-still-short-despite-fed-rate-cut?back=%2Fanalysis%2Fmarket-analysis%3Fpage%3D24
Metals,https://kqmarkets.co.uk/article/2020-03-04/eurusd-still-long-continued-upside-potential?back=%2Fanalysis%2Fmarket-analysis%3Fpage%3D24
Metals,https://kqmarkets.co.uk/article/2020-03-04/usdjpy-still-neutral-post-fed-rate-cut?back=%2Fanalysis%2Fmarket-analysis%3Fpage%3D24
Indices,https://kqmarkets.co.uk/article/2020-03-03/silver-still-neutral-below-key-support?back=%2Fanalysis%2Fmarket-analysis%3Fpage%3D24
Crypto,https://kqmarkets.co.uk/article/2020-03-03/gold-still-long-upside-potential?back=%2Fanalysis%2Fmarket-analysis%3Fpage%3D24
Forex,https://kqmarkets.co.uk/article/2020-03-02/dax-still-neutral?back=%2Fanalysis%2Fmarket-analysis%3Fpage%3D24
Forex,https://kqmarkets.co.uk/article/2020-03-02/bitcoin-long-above-key-support?back=%2Fanalysis%2Fmarket-analysis%3Fpage%3D25
Forex,https://kqmarkets.co.uk/article/2020-03-02/usdjpy-long-pre-payrolls?back=%2Fanalysis%2Fmarket-analysis%3Fpage%3D25
Forex,https://kqmarkets.co.uk/article/2020-02-28/usdjpy-neutral-below-key-support?back=%2Fanalysis%2Fmarket-analysis%3Fpage%3D25
Metals,https://kqmarkets.co.uk/article/2020-02-28/audusd-still-short-continued-downside-potential?back=%2Fanalysis%2Fmarket-analysis%3Fpage%3D25
Metals,https://kqmarkets.co.uk/article/2020-02-28/eurusd-long-upward-momentum?back=%2Fanalysis%2Fmarket-analysis%3Fpage%3D25
Crypto,https://kqmarkets.co.uk/article/2020-02-27/silver-neutral-below-key-support?back=%2Fanalysis%2Fmarket-analysis%3Fpage%3D25
Crypto,https://kqmarkets.co.uk/article/2020-02-27/gold-long-continued-upside-potential?back=%2Fanalysis%2Fmarket-analysis%3Fpage%3D25
Indices,https://kqmarkets.co.uk/article/2020-02-25/bitcoin-still-short-downside-potential?back=%2Fanalysis%2Fmarket-analysis%3Fpage%3D25
Forex,https://kqmarkets.co.uk/article/2020-02-25/bitcoin-still-short-downside-potential?back=%2Fanalysis%2Fmarket-analysis%3Fpage%3D25
Forex,https://kqmarkets.co.uk/article/2020-02-25/dax-neutral-below-key-support?back=%2Fanalysis%2Fmarket-analysis%3Fpage%3D26
Forex,https://kqmarkets.co.uk/article/2020-02-24/audusd-still-short-continued-downside-potential?back=%2Fanalysis%2Fmarket-analysis%3Fpage%3D26
Crypto,https://kqmarkets.co.uk/article/2020-02-24/eurusd-long-above-key-support?back=%2Fanalysis%2Fmarket-analysis%3Fpage%3D26
Indices,https://kqmarkets.co.uk/article/2020-02-24/usdjpy-still-long-despite-pullback?back=%2Fanalysis%2Fmarket-analysis%3Fpage%3D26
Crypto,https://kqmarkets.co.uk/article/2020-02-22/bitcoin-long-above-key-support?back=%2Fanalysis%2Fmarket-analysis%3Fpage%3D26
Metals,https://kqmarkets.co.uk/article/2020-02-21/dax-still-long-despite-another-pullback?back=%2Fanalysis%2Fmarket-analysis%3Fpage%3D26
Metals,https://kqmarkets.co.uk/article/2020-02-21/bitcoin-still-short-below-key-psychological-level?back=%2Fanalysis%2Fmarket-analysis%3Fpage%3D26
Forex,https://kqmarkets.co.uk/article/2020-02-20/silver-long-above-key-resistance?back=%2Fanalysis%2Fmarket-analysis%3Fpage%3D26
Forex,https://kqmarkets.co.uk/article/2020-02-20/gold-long-strong-upward-momentum?back=%2Fanalysis%2Fmarket-analysis%3Fpage%3D26
Forex,https://kqmarkets.co.uk/article/2020-02-19/usdjpy-long-pre-fomc?back=%2Fanalysis%2Fmarket-analysis%3Fpage%3D27
Indices,https://kqmarkets.co.uk/article/2020-02-19/eurusd-neutral-pre-fomc?back=%2Fanalysis%2Fmarket-analysis%3Fpage%3D27
Crypto,https://kqmarkets.co.uk/article/2020-02-19/audusd-short-pre-fomc-minutes?back=%2Fanalysis%2Fmarket-analysis%3Fpage%3D27
Metals,https://kqmarkets.co.uk/article/2020-02-18/dax-still-long-despite-pullback?back=%2Fanalysis%2Fmarket-analysis%3Fpage%3D27
Metals,https://kqmarkets.co.uk/article/2020-02-18/bitcoin-short-consolidated-below-key-psychological-level?back=%2Fanalysis%2Fmarket-analysis%3Fpage%3D27
Forex,https://kqmarkets.co.uk/article/2020-02-17/gold-still-long-upside-potential?back=%2Fanalysis%2Fmarket-analysis%3Fpage%3D27
Forex,https://kqmarkets.co.uk/article/2020-02-17/silver-still-long-upside-potential?back=%2Fanalysis%2Fmarket-analysis%3Fpage%3D27
Forex,https://kqmarkets.co.uk/article/2020-02-14/usdjpy-still-long-upside-potential?back=%2Fanalysis%2Fmarket-analysis%3Fpage%3D27
Crypto,https://kqmarkets.co.uk/article/2020-02-14/eurusd-neutral-dropped-below-key-support?back=%2Fanalysis%2Fmarket-analysis%3Fpage%3D27
Indices,https://kqmarkets.co.uk/article/2020-02-14/audusd-still-short-downside-potential?back=%2Fanalysis%2Fmarket-analysis%3Fpage%3D28
Metals,https://kqmarkets.co.uk/article/2020-02-13/bitcoin-long-consolidated-above-psychological-level?back=%2Fanalysis%2Fmarket-analysis%3Fpage%3D28
Metals,https://kqmarkets.co.uk/article/2020-02-13/dax-long-continued-upward-momentum?back=%2Fanalysis%2Fmarket-analysis%3Fpage%3D28
Forex,https://kqmarkets.co.uk/article/2020-02-12/silver-long-above-key-support?back=%2Fanalysis%2Fmarket-analysis%3Fpage%3D28
Forex,https://kqmarkets.co.uk/article/2020-02-12/gold-long-continued-upside-potential?back=%2Fanalysis%2Fmarket-analysis%3Fpage%3D28
Forex,https://kqmarkets.co.uk/article/2020-02-11/audusd-short-downside-potential?back=%2Fanalysis%2Fmarket-analysis%3Fpage%3D28
Crypto,https://kqmarkets.co.uk/article/2020-02-11/usd-jpy-long-upside-potential?back=%2Fanalysis%2Fmarket-analysis%3Fpage%3D28
Indices,https://kqmarkets.co.uk/article/2020-02-11/eurusd-long-above-key-support?back=%2Fanalysis%2Fmarket-analysis%3Fpage%3D28
Metals,https://kqmarkets.co.uk/article/2020-02-10/bitcoin-neutral-failed-to-consolidate-above-key-level?back=%2Fanalysis%2Fmarket-analysis%3Fpage%3D28
Metals,https://kqmarkets.co.uk/article/2020-02-10/dax-long-upside-pot?back=%2Fanalysis%2Fmarket-analysis%3Fpage%3D29
Forex,https://kqmarkets.co.uk/article/2020-02-07/gold-long-pre-payrolls?back=%2Fanalysis%2Fmarket-analysis%3Fpage%3D29
Forex,https://kqmarkets.co.uk/article/2020-02-07/silver-still-neutral-pre-payrolls?back=%2Fanalysis%2Fmarket-analysis%3Fpage%3D29
Forex,https://kqmarkets.co.uk/article/2020-02-06/eurusd-neutral-pre-payroll?back=%2Fanalysis%2Fmarket-analysis%3Fpage%3D29
Indices,https://kqmarkets.co.uk/article/2020-02-06/audusd-short-pre-payrolls?back=%2Fanalysis%2Fmarket-analysis%3Fpage%3D29
Crypto,https://kqmarkets.co.uk/article/2020-02-06/usdjpy-long-pre-payroll?back=%2Fanalysis%2Fmarket-analysis%3Fpage%3D29
Metals,https://kqmarkets.co.uk/article/2020-02-05/dax-long-above-key-resistance?back=%2Fanalysis%2Fmarket-analysis%3Fpage%3D29
Metals,https://kqmarkets.co.uk/article/2020-02-05/bitcoin-long-strong-upward-momentum?back=%2Fanalysis%2Fmarket-analysis%3Fpage%3D29
Forex,https://kqmarkets.co.uk/article/2020-02-04/gold-still-long-upside-potential?back=%2Fanalysis%2Fmarket-analysis%3Fpage%3D29
Forex,https://kqmarkets.co.uk/article/2020-02-04/silver-still-neutral-above-key-support?back=%2Fanalysis%2Fmarket-analysis%3Fpage%3D30
Indices,https://kqmarkets.co.uk/article/2020-02-03/usdjpy-long-upside-potential?back=%2Fanalysis%2Fmarket-analysis%3Fpage%3D30
Crypto,https://kqmarkets.co.uk/article/2020-02-03/eurusd-long-despite-pullback-from-key-resistance?back=%2Fanalysis%2Fmarket-analysis%3Fpage%3D30
Metals,https://kqmarkets.co.uk/article/2020-01-31/dax-neutral-below-key-support?back=%2Fanalysis%2Fmarket-analysis%3Fpage%3D30
Metals,https://kqmarkets.co.uk/article/2020-01-31/bitcoin-long-continued-upward-momentum?back=%2Fanalysis%2Fmarket-analysis%3Fpage%3D30
Forex,https://kqmarkets.co.uk/article/2020-01-30/gold-long-strong-upward-momentum?back=%2Fanalysis%2Fmarket-analysis%3Fpage%3D30
Forex,https://kqmarkets.co.uk/article/2020-01-30/silver-neutral-post-fed?back=%2Fanalysis%2Fmarket-analysis%3Fpage%3D30
Forex,https://kqmarkets.co.uk/article/2020-01-29/usdjpy-neutral-pre-fomc?back=%2Fanalysis%2Fmarket-analysis%3Fpage%3D30
Indices,https://kqmarkets.co.uk/article/2020-01-29/audusd-short-pre-fomc?back=%2Fanalysis%2Fmarket-analysis%3Fpage%3D30
Crypto,https://kqmarkets.co.uk/article/2020-01-29/eurusd-still-neutral-pre-fomc?back=%2Fanalysis%2Fmarket-analysis%3Fpage%3D31
Metals,https://kqmarkets.co.uk/article/2020-01-28/dax-still-long-despite-pullback?back=%2Fanalysis%2Fmarket-analysis%3Fpage%3D31
Metals,https://kqmarkets.co.uk/article/2020-01-28/bitcoin-long-upward-momentum?back=%2Fanalysis%2Fmarket-analysis%3Fpage%3D31
Forex,https://kqmarkets.co.uk/article/2020-01-27/gold-long-continued-upside-potential?back=%2Fanalysis%2Fmarket-analysis%3Fpage%3D31
Forex,https://kqmarkets.co.uk/article/2020-01-27/silver-long-upside-potential?back=%2Fanalysis%2Fmarket-analysis%3Fpage%3D31
Forex,https://kqmarkets.co.uk/article/2020-01-24/usdjpy-long-above-key-support?back=%2Fanalysis%2Fmarket-analysis%3Fpage%3D31
Indices,https://kqmarkets.co.uk/article/2020-01-24/audusd-still-short-despite-positive-data?back=%2Fanalysis%2Fmarket-analysis%3Fpage%3D31
Metals,https://kqmarkets.co.uk/article/2020-01-24/eurusd-neutral-post-ecb?back=%2Fanalysis%2Fmarket-analysis%3Fpage%3D31
Forex,https://kqmarkets.co.uk/article/2020-01-22/dax-long-pre-ecb?back=%2Fanalysis%2Fmarket-analysis%3Fpage%3D31
Metals,https://kqmarkets.co.uk/article/2020-01-21/silver-neutral-below-key-resistance?back=%2Fanalysis%2Fmarket-analysis%3Fpage%3D32
Forex,https://kqmarkets.co.uk/article/2020-01-21/eurusd-long-pre-ecb?back=%2Fanalysis%2Fmarket-analysis%3Fpage%3D32
Forex,https://kqmarkets.co.uk/article/2020-01-21/gold-still-long-upward-potentia?back=%2Fanalysis%2Fmarket-analysis%3Fpage%3D32
Indices,https://kqmarkets.co.uk/article/2020-01-20/audusd-continued-downward-pressure?back=%2Fanalysis%2Fmarket-analysis%3Fpage%3D32
Crypto,https://kqmarkets.co.uk/article/2020-01-20/usdjpy-long-targeting-key-resistance?back=%2Fanalysis%2Fmarket-analysis%3Fpage%3D32
Metals,https://kqmarkets.co.uk/article/2020-01-17/dax-long-continued-upward-momentum?back=%2Fanalysis%2Fmarket-analysis%3Fpage%3D32
Metals,https://kqmarkets.co.uk/article/2020-01-17/bitcoin-long-continued-upward-momentum?back=%2Fanalysis%2Fmarket-analysis%3Fpage%3D32
Forex,https://kqmarkets.co.uk/article/2020-01-15/silver-neutral-dropped-below-key-support?back=%2Fanalysis%2Fmarket-analysis%3Fpage%3D32
Forex,https://kqmarkets.co.uk/article/2020-01-15/gold-still-long-above-key-support?back=%2Fanalysis%2Fmarket-analysis%3Fpage%3D32
Forex,https://kqmarkets.co.uk/article/2020-01-14/usdjpy-still-long-strong-upward-momentum?back=%2Fanalysis%2Fmarket-analysis%3Fpage%3D33
Crypto,https://kqmarkets.co.uk/article/2020-01-14/eurusd-still-long-upside-potential?back=%2Fanalysis%2Fmarket-analysis%3Fpage%3D33
Indices,https://kqmarkets.co.uk/article/2020-01-14/audusd-still-short-despite-failure-to-break-key-support?back=%2Fanalysis%2Fmarket-analysis%3Fpage%3D33
Forex,https://kqmarkets.co.uk/article/2020-01-13/bitcoin-long-below-key-resistance-level?back=%2Fanalysis%2Fmarket-analysis%3Fpage%3D33
Forex,https://kqmarkets.co.uk/article/2020-01-13/dax-long-above-key-support?back=%2Fanalysis%2Fmarket-analysis%3Fpage%3D33
Forex,https://kqmarkets.co.uk/article/2020-01-10/usdjpy-still-long-post-payrolls?back=%2Fanalysis%2Fmarket-analysis%3Fpage%3D33
Metals,https://kqmarkets.co.uk/article/2020-01-10/eurusd-still-long-post-payrolls?back=%2Fanalysis%2Fmarket-analysis%3Fpage%3D33
Metals,https://kqmarkets.co.uk/article/2020-01-09/audusd-short-continued-downward-momentum?back=%2Fanalysis%2Fmarket-analysis%3Fpage%3D33
Indices,https://kqmarkets.co.uk/article/2020-01-08/silver-consolidated-above-key-resistance-upside-potential?back=%2Fanalysis%2Fmarket-analysis%3Fpage%3D33
Crypto,https://kqmarkets.co.uk/article/2020-01-08/gold-still-long-upside-potential?back=%2Fanalysis%2Fmarket-analysis%3Fpage%3D34
Forex,https://kqmarkets.co.uk/article/2020-01-07/dax-still-neutral-above-key-support?back=%2Fanalysis%2Fmarket-analysis%3Fpage%3D34
Forex,https://kqmarkets.co.uk/article/2020-01-07/bitcoin-long-continued-upside-potential?back=%2Fanalysis%2Fmarket-analysis%3Fpage%3D34
Forex,https://kqmarkets.co.uk/article/2020-01-06/audusd-still-short-failed-to-break-key-resistance?back=%2Fanalysis%2Fmarket-analysis%3Fpage%3D34
Metals,https://kqmarkets.co.uk/article/2020-01-06/usdjpy-long-despite-pullback?back=%2Fanalysis%2Fmarket-analysis%3Fpage%3D34
Metals,https://kqmarkets.co.uk/article/2020-01-06/eurusd-long-despite-pullback?back=%2Fanalysis%2Fmarket-analysis%3Fpage%3D34
Crypto,https://kqmarkets.co.uk/article/2020-01-03/gold-long-significant-upward-momentum?back=%2Fanalysis%2Fmarket-analysis%3Fpage%3D34
Indices,https://kqmarkets.co.uk/article/2020-01-03/silver-still-awaiting-consolidation-above-key-resistance-level?back=%2Fanalysis%2Fmarket-analysis%3Fpage%3D34
Forex,https://kqmarkets.co.uk/article/2020-01-02/bitcoin-long-upside-potential?back=%2Fanalysis%2Fmarket-analysis%3Fpage%3D34
Forex,https://kqmarkets.co.uk/article/2020-01-02/dax-neutral-above-key-support?back=%2Fanalysis%2Fmarket-analysis%3Fpage%3D35
Forex,https://kqmarkets.co.uk/article/2019-12-31/eurusd-long-continued-upside-potential?back=%2Fanalysis%2Fmarket-analysis%3Fpage%3D35
Metals,https://kqmarkets.co.uk/article/2019-12-31/audusd-short-below-key-resistance-level?back=%2Fanalysis%2Fmarket-analysis%3Fpage%3D35
Metals,https://kqmarkets.co.uk/article/2019-12-31/usdjpy-long-upside-potential?back=%2Fanalysis%2Fmarket-analysis%3Fpage%3D35
Indices,https://kqmarkets.co.uk/article/2019-12-30/silver-long-next-few-trading-sessions-crucial?back=%2Fanalysis%2Fmarket-analysis%3Fpage%3D35
Crypto,https://kqmarkets.co.uk/article/2019-12-30/gold-long-above-key-psychological-level?back=%2Fanalysis%2Fmarket-analysis%3Fpage%3D35
Forex,https://kqmarkets.co.uk/article/2019-12-27/dax-neutral-above-key-support?back=%2Fanalysis%2Fmarket-analysis%3Fpage%3D35
Forex,https://kqmarkets.co.uk/article/2019-12-27/bitcoin-long-bounce-of-key-support?back=%2Fanalysis%2Fmarket-analysis%3Fpage%3D35
Forex,https://kqmarkets.co.uk/article/2019-12-23/usdjpy-long-above-key-support-level?back=%2Fanalysis%2Fmarket-analysis%3Fpage%3D35
Indices,https://kqmarkets.co.uk/article/2019-12-23/eurusd-long-upside-potential?back=%2Fanalysis%2Fmarket-analysis%3Fpage%3D36
Metals,https://kqmarkets.co.uk/article/2019-12-23/audusd-short-downside-potential-despite-bounce?back=%2Fanalysis%2Fmarket-analysis%3Fpage%3D36
Metals,https://kqmarkets.co.uk/article/2019-12-20/dax-neutral?back=%2Fanalysis%2Fmarket-analysis%3Fpage%3D36
Forex,https://kqmarkets.co.uk/article/2019-12-20/gold-short-continued-downtrend-expected?back=%2Fanalysis%2Fmarket-analysis%3Fpage%3D36
Crypto,https://kqmarkets.co.uk/article/2019-12-20/silver-long-continued-upside-potential?back=%2Fanalysis%2Fmarket-analysis%3Fpage%3D36
Forex,https://kqmarkets.co.uk/article/2019-12-17/audusd-still-short-post-fomc-and-rba-minutes?back=%2Fanalysis%2Fmarket-analysis%3Fpage%3D36
Forex,https://kqmarkets.co.uk/article/2019-12-17/bitcoin-long-above-key-support-level?back=%2Fanalysis%2Fmarket-analysis%3Fpage%3D36
Metals,https://kqmarkets.co.uk/article/2019-12-16/eurusd-long-post-fomc?back=%2Fanalysis%2Fmarket-analysis%3Fpage%3D36
Crypto,https://kqmarkets.co.uk/article/2019-12-13/usdjpy-long-continued-upward-momentum?back=%2Fanalysis%2Fmarket-analysis%3Fpage%3D36
Indices,https://kqmarkets.co.uk/article/2019-12-13/silver-long-upside-potential?back=%2Fanalysis%2Fmarket-analysis%3Fpage%3D37
Forex,https://kqmarkets.co.uk/article/2019-12-12/bitcoin-continued-downward-momentum?back=%2Fanalysis%2Fmarket-analysis%3Fpage%3D37
Forex,https://kqmarkets.co.uk/article/2019-12-12/dax-still-short-despite-bounce?back=%2Fanalysis%2Fmarket-analysis%3Fpage%3D37
Metals,https://kqmarkets.co.uk/article/2019-12-11/eurusd-long-pre-fomc?back=%2Fanalysis%2Fmarket-analysis%3Fpage%3D37
Forex,https://kqmarkets.co.uk/article/2019-12-11/audusd-short-pre-payroll?back=%2Fanalysis%2Fmarket-analysis%3Fpage%3D37
Metals,https://kqmarkets.co.uk/article/2019-12-10/silver-long-upside-potential?back=%2Fanalysis%2Fmarket-analysis%3Fpage%3D37
Crypto,https://kqmarkets.co.uk/article/2019-12-10/usdjpy-long-upside-potential?back=%2Fanalysis%2Fmarket-analysis%3Fpage%3D37
Indices,https://kqmarkets.co.uk/article/2019-12-09/gold-short-further-downside?back=%2Fanalysis%2Fmarket-analysis%3Fpage%3D37
Forex,https://kqmarkets.co.uk/article/2019-12-09/bitcoin-short-further-downsid?back=%2Fanalysis%2Fmarket-analysis%3Fpage%3D37
Forex,https://kqmarkets.co.uk/article/2019-12-06/dax-short-post-payrolls?back=%2Fanalysis%2Fmarket-analysis%3Fpage%3D38
Forex,https://kqmarkets.co.uk/article/2019-12-06/eurusd-long-pre-payrolls?back=%2Fanalysis%2Fmarket-analysis%3Fpage%3D38
Metals,https://kqmarkets.co.uk/article/2019-12-05/audusd-short-pre-payroll?back=%2Fanalysis%2Fmarket-analysis%3Fpage%3D38
Metals,https://kqmarkets.co.uk/article/2019-12-05/usdjpy-long-pre-payrolls?back=%2Fanalysis%2Fmarket-analysis%3Fpage%3D38
Indices,https://kqmarkets.co.uk/article/2019-12-03/gold-neutral-key-resistance-level-broken?back=%2Fanalysis%2Fmarket-analysis%3Fpage%3D38
Crypto,https://kqmarkets.co.uk/article/2019-12-03/silver-neutral-upside-potential?back=%2Fanalysis%2Fmarket-analysis%3Fpage%3D38
Forex,https://kqmarkets.co.uk/article/2019-12-02/dax-short-below-key-support-level?back=%2Fanalysis%2Fmarket-analysis%3Fpage%3D38
Forex,https://kqmarkets.co.uk/article/2019-12-02/bitcoin-short-further-downside?back=%2Fanalysis%2Fmarket-analysis%3Fpage%3D38
Forex,https://kqmarkets.co.uk/article/2019-11-28/usdjpy-long-continued-upside-momentum?back=%2Fanalysis%2Fmarket-analysis%3Fpage%3D38
Metals,https://kqmarkets.co.uk/article/2019-11-26/eurusd-long-post-fed?back=%2Fanalysis%2Fmarket-analysis%3Fpage%3D39
Metals,https://kqmarkets.co.uk/article/2019-11-26/audusd-short-further-downside-expected?back=%2Fanalysis%2Fmarket-analysis%3Fpage%3D39
Indices,https://kqmarkets.co.uk/article/2019-11-25/gold-post-fed-still-short?back=%2Fanalysis%2Fmarket-analysis%3Fpage%3D39
Crypto,https://kqmarkets.co.uk/article/2019-11-25/silver-short-post-fed?back=%2Fanalysis%2Fmarket-analysis%3Fpage%3D39
Forex,https://kqmarkets.co.uk/article/2019-11-22/dax-short-consolidated-below-key-support-level?back=%2Fanalysis%2Fmarket-analysis%3Fpage%3D39
Forex,https://kqmarkets.co.uk/article/2019-11-22/bitcoin-short-further-downside?back=%2Fanalysis%2Fmarket-analysis%3Fpage%3D39
Forex,https://kqmarkets.co.uk/article/2019-11-21/eurusd-buy-signal-confirmed?back=%2Fanalysis%2Fmarket-analysis%3Fpage%3D39
Metals,https://kqmarkets.co.uk/article/2019-11-21/usdjpy-long-post-fed?back=%2Fanalysis%2Fmarket-analysis%3Fpage%3D39
Metals,https://kqmarkets.co.uk/article/2019-11-21/audusd-short-post-fed?back=%2Fanalysis%2Fmarket-analysis%3Fpage%3D39
Crypto,https://kqmarkets.co.uk/article/2019-11-20/gold-short-pre-fed?back=%2Fanalysis%2Fmarket-analysis%3Fpage%3D40
Indices,https://kqmarkets.co.uk/article/2019-11-20/silver-neutral-pre-fed?back=%2Fanalysis%2Fmarket-analysis%3Fpage%3D40
Forex,https://kqmarkets.co.uk/article/2019-11-19/bitcoin-short-key-support-level-broken?back=%2Fanalysis%2Fmarket-analysis%3Fpage%3D40
Forex,https://kqmarkets.co.uk/article/2019-11-19/dax-neutral-above-key-support-level?back=%2Fanalysis%2Fmarket-analysis%3Fpage%3D40
Forex,https://kqmarkets.co.uk/article/2019-11-18/audusd-short-further-downside?back=%2Fanalysis%2Fmarket-analysis%3Fpage%3D40
Indices,https://kqmarkets.co.uk/article/2019-11-18/usdjpy-long-awaiting-breakout?back=%2Fanalysis%2Fmarket-analysis%3Fpage%3D40
Metals,https://kqmarkets.co.uk/article/2019-11-18/eurusd-long-buy-alert?back=%2Fanalysis%2Fmarket-analysis%3Fpage%3D40
Metals,https://kqmarkets.co.uk/article/2019-11-15/wti-crude-oil-short-below-key-support-level?back=%2Fanalysis%2Fmarket-analysis%3Fpage%3D40
Indices,https://kqmarkets.co.uk/article/2019-11-15/silver-still-neutral-awaiting-significant-price-action?back=%2Fanalysis%2Fmarket-analysis%3Fpage%3D40
Crypto,https://kqmarkets.co.uk/article/2019-11-15/gold-still-short-despite-bounce?back=%2Fanalysis%2Fmarket-analysis%3Fpage%3D41
Forex,https://kqmarkets.co.uk/article/2019-11-14/dax-neutral-above-key-support-level?back=%2Fanalysis%2Fmarket-analysis%3Fpage%3D41
Forex,https://kqmarkets.co.uk/article/2019-11-13/long-bitcoin-long-bullish-flag-formation?back=%2Fanalysis%2Fmarket-analysis%3Fpage%3D41
Metals,https://kqmarkets.co.uk/article/2019-11-12/audusd-short-support-level-broken?back=%2Fanalysis%2Fmarket-analysis%3Fpage%3D41
Metals,https://kqmarkets.co.uk/article/2019-11-12/usdjpy-continued-upward-momentum?back=%2Fanalysis%2Fmarket-analysis%3Fpage%3D41
Indices,https://kqmarkets.co.uk/article/2019-11-11/silver-neutral-key-support-level-broken?back=%2Fanalysis%2Fmarket-analysis%3Fpage%3D41
Crypto,https://kqmarkets.co.uk/article/2019-11-11/gold-short-after-significant-price-action?back=%2Fanalysis%2Fmarket-analysis%3Fpage%3D41
Forex,https://kqmarkets.co.uk/article/2019-11-07/dax-neutral-key-resistance-level-broken?back=%2Fanalysis%2Fmarket-analysis%3Fpage%3D41
Forex,https://kqmarkets.co.uk/article/2019-11-07/bitcoin-long-bullish-flag-formation?back=%2Fanalysis%2Fmarket-analysis%3Fpage%3D41
Metals,https://kqmarkets.co.uk/article/2019-11-06/usdjpy-still-long-upside-potential?back=%2Fanalysis%2Fmarket-analysis%3Fpage%3D42
Metals,https://kqmarkets.co.uk/article/2019-11-06/audusd-short-post-rba?back=%2Fanalysis%2Fmarket-analysis%3Fpage%3D42
Indices,https://kqmarkets.co.uk/article/2019-11-05/silver-still-long-significant-upside-potential?back=%2Fanalysis%2Fmarket-analysis%3Fpage%3D42
Crypto,https://kqmarkets.co.uk/article/2019-11-05/gold-neutral-awaiting-significant-price-action?back=%2Fanalysis%2Fmarket-analysis%3Fpage%3D42
Forex,https://kqmarkets.co.uk/article/2019-11-04/dax-short-below-key-resistance-level?back=%2Fanalysis%2Fmarket-analysis%3Fpage%3D42
Forex,https://kqmarkets.co.uk/article/2019-11-04/bitcoin-long-bullish-flag-formation?back=%2Fanalysis%2Fmarket-analysis%3Fpage%3D42
Forex,https://kqmarkets.co.uk/article/2019-11-01/audusd-short-post-payrolls?back=%2Fanalysis%2Fmarket-analysis%3Fpage%3D42
Indices,https://kqmarkets.co.uk/article/2019-11-01/eurusd-long-post-payrolls?back=%2Fanalysis%2Fmarket-analysis%3Fpage%3D42
Indices,https://kqmarkets.co.uk/article/2019-11-01/usdjpy-long-post-payrolls?back=%2Fanalysis%2Fmarket-analysis%3Fpage%3D42
Metals,https://kqmarkets.co.uk/article/2019-10-31/dax-short-pullback-imminent?back=%2Fanalysis%2Fmarket-analysis%3Fpage%3D43
Metals,https://kqmarkets.co.uk/article/2019-10-31/short-wti-crude-oil-triple-moving-average-crossover-sell-signal?back=%2Fanalysis%2Fmarket-analysis%3Fpage%3D43
Indices,https://kqmarkets.co.uk/article/2019-10-31/silver-long-continued-upward-momentum?back=%2Fanalysis%2Fmarket-analysis%3Fpage%3D43
Forex,https://kqmarkets.co.uk/article/2019-10-30/gold-short-post-fed?back=%2Fanalysis%2Fmarket-analysis%3Fpage%3D43
Forex,https://kqmarkets.co.uk/article/2019-10-29/dax-neutral-pre-fed?back=%2Fanalysis%2Fmarket-analysis%3Fpage%3D43
Metals,https://kqmarkets.co.uk/article/2019-10-25/usdjpy-broke-key-resistance-level-at-2nd-attempt?back=%2Fanalysis%2Fmarket-analysis%3Fpage%3D43
Indices,https://kqmarkets.co.uk/article/2019-10-25/audusd-downtrend-to-resume?back=%2Fanalysis%2Fmarket-analysis%3Fpage%3D43
Indices,https://kqmarkets.co.uk/article/2019-10-24/gold-short-despite-bounce-towards-1500-psychological-level?back=%2Fanalysis%2Fmarket-analysis%3Fpage%3D43
Metals,https://kqmarkets.co.uk/article/2019-10-24/dax-long-pre-ecb?back=%2Fanalysis%2Fmarket-analysis%3Fpage%3D43
Crypto,https://kqmarkets.co.uk/article/2019-10-24/wti-crude-oil-long-resistance-broken-further-upside-potential?back=%2Fanalysis%2Fmarket-analysis%3Fpage%3D44
Forex,https://kqmarkets.co.uk/article/2019-10-24/silver-long-upward-momentum?back=%2Fanalysis%2Fmarket-analysis%3Fpage%3D44
Forex,https://kqmarkets.co.uk/article/2019-10-23/bitcoin-short-range-broken-downward-momentum?back=%2Fanalysis%2Fmarket-analysis%3Fpage%3D44
Metals,https://kqmarkets.co.uk/article/2019-10-22/usdjpy-long-2nd-attempt-at-breakout-above-key-resistance?back=%2Fanalysis%2Fmarket-analysis%3Fpage%3D44
Metals,https://kqmarkets.co.uk/article/2019-10-22/audusd-short-below-key-psychological-level?back=%2Fanalysis%2Fmarket-analysis%3Fpage%3D44
Metals,https://kqmarkets.co.uk/article/2019-10-21/gold-short-downtrend-to-resume?back=%2Fanalysis%2Fmarket-analysis%3Fpage%3D44
Crypto,https://kqmarkets.co.uk/article/2019-10-21/silver-long-significant-upside-potential?back=%2Fanalysis%2Fmarket-analysis%3Fpage%3D44
Forex,https://kqmarkets.co.uk/article/2019-10-21/silver-long-significant-upside-potential?back=%2Fanalysis%2Fmarket-analysis%3Fpage%3D44
Forex,https://kqmarkets.co.uk/article/2019-10-17/bitcoin-short-below-key-resistance-level?back=%2Fanalysis%2Fmarket-analysis%3Fpage%3D44
Forex,https://kqmarkets.co.uk/article/2019-10-16/usdjpy-sustained-breakout-above-key-support-level?back=%2Fanalysis%2Fmarket-analysis%3Fpage%3D45
Metals,https://kqmarkets.co.uk/article/2019-10-16/eurusd-triple-moving-average-crossover-buy-signal?back=%2Fanalysis%2Fmarket-analysis%3Fpage%3D45
Metals,https://kqmarkets.co.uk/article/2019-10-16/audusd-short-continued-downtrend-back-towards-067?back=%2Fanalysis%2Fmarket-analysis%3Fpage%3D45
Indices,https://kqmarkets.co.uk/article/2019-10-15/silver-long-above-key-support-level?back=%2Fanalysis%2Fmarket-analysis%3Fpage%3D45
Crypto,https://kqmarkets.co.uk/article/2019-10-15/gold-short-after-significant-price-action?back=%2Fanalysis%2Fmarket-analysis%3Fpage%3D45
Indices,https://kqmarkets.co.uk/article/2019-10-14/wti-crude-oil-long-post-us-china-trade-talks?back=%2Fanalysis%2Fmarket-analysis%3Fpage%3D45
Forex,https://kqmarkets.co.uk/article/2019-10-14/bitcoin-short-below-key-resistance-level?back=%2Fanalysis%2Fmarket-analysis%3Fpage%3D45
Forex,https://kqmarkets.co.uk/article/2019-10-14/dax-short-below-key-resistance-leve?back=%2Fanalysis%2Fmarket-analysis%3Fpage%3D45
Forex,https://kqmarkets.co.uk/article/2019-10-11/usdjpy-long-upside-potential?back=%2Fanalysis%2Fmarket-analysis%3Fpage%3D45
Metals,https://kqmarkets.co.uk/article/2019-10-11/audusd-short-pre-us-china-negotiations-concluding?back=%2Fanalysis%2Fmarket-analysis%3Fpage%3D46
Indices,https://kqmarkets.co.uk/article/2019-10-11/eurusd-short-below-key-resistance-level?back=%2Fanalysis%2Fmarket-analysis%3Fpage%3D46
Metals,https://kqmarkets.co.uk/article/2019-10-10/gold-neutral-still-awaiting-significant-price-action?back=%2Fanalysis%2Fmarket-analysis%3Fpage%3D46
Crypto,https://kqmarkets.co.uk/article/2019-10-10/wti-crude-oil-upside-potential?back=%2Fanalysis%2Fmarket-analysis%3Fpage%3D46
Forex,https://kqmarkets.co.uk/article/2019-10-10/silver-upside-potential-above-key-support-level?back=%2Fanalysis%2Fmarket-analysis%3Fpage%3D46
Forex,https://kqmarkets.co.uk/article/2019-10-08/bitcoin-short-despite-rebound?back=%2Fanalysis%2Fmarket-analysis%3Fpage%3D46
Forex,https://kqmarkets.co.uk/article/2019-10-07/audusd-short-pre-fomc-minutes?back=%2Fanalysis%2Fmarket-analysis%3Fpage%3D46
Metals,https://kqmarkets.co.uk/article/2019-10-07/eurusd-short-pre-eu-data-fomc-minutes?back=%2Fanalysis%2Fmarket-analysis%3Fpage%3D46
Metals,https://kqmarkets.co.uk/article/2019-10-07/usd-jpy-long-above-107?back=%2Fanalysis%2Fmarket-analysis%3Fpage%3D46
Metals,https://kqmarkets.co.uk/article/2019-10-04/gold-neutral-awaiting-significant-price-action?back=%2Fanalysis%2Fmarket-analysis%3Fpage%3D47
Indices,https://kqmarkets.co.uk/article/2019-10-04/silver-long-futher-upside-potential?back=%2Fanalysis%2Fmarket-analysis%3Fpage%3D47
Crypto,https://kqmarkets.co.uk/article/2019-10-04/gold-neutral-awaiting-significant-price-action?back=%2Fanalysis%2Fmarket-analysis%3Fpage%3D47
Forex,https://kqmarkets.co.uk/article/2019-10-04/wti-crude-oil-long-above-key-support-level?back=%2Fanalysis%2Fmarket-analysis%3Fpage%3D47
Forex,https://kqmarkets.co.uk/article/2019-10-03/bitcoin-short-below-key-resistance-level?back=%2Fanalysis%2Fmarket-analysis%3Fpage%3D47
Metals,https://kqmarkets.co.uk/article/2019-10-02/eurusd-short-pre-payrolls?back=%2Fanalysis%2Fmarket-analysis%3Fpage%3D47
Metals,https://kqmarkets.co.uk/article/2019-10-02/audusd-short-post-rba-rate-decision?back=%2Fanalysis%2Fmarket-analysis%3Fpage%3D47
Indices,https://kqmarkets.co.uk/article/2019-10-01/gold-head-and-shoulders-pattern-neckline-broken?back=%2Fanalysis%2Fmarket-analysis%3Fpage%3D47
Forex,https://kqmarkets.co.uk/article/2019-10-01/silver-long-upside-potential?back=%2Fanalysis%2Fmarket-analysis%3Fpage%3D47
Indices,https://kqmarkets.co.uk/article/2019-10-01/wti-crude-oil-neutral-dropped-below-key-support?back=%2Fanalysis%2Fmarket-analysis%3Fpage%3D48
Crypto,https://kqmarkets.co.uk/article/2019-09-30/audusd-short-pre-rba-rate-decision-tomorow?back=%2Fanalysis%2Fmarket-analysis%3Fpage%3D48
Forex,https://kqmarkets.co.uk/article/2019-09-30/dax-long-needs-to-pass-through-key-resistance-level?back=%2Fanalysis%2Fmarket-analysis%3Fpage%3D48
Forex,https://kqmarkets.co.uk/article/2019-09-30/bitcoin-short-continued-downward-momentum?back=%2Fanalysis%2Fmarket-analysis%3Fpage%3D48
Crypto,https://kqmarkets.co.uk/article/2019-09-27/usdjpy-long-rebound-from-key-support-level?back=%2Fanalysis%2Fmarket-analysis%3Fpage%3D48
Metals,https://kqmarkets.co.uk/article/2019-09-27/eurusd-short-continued-downward-momentum?back=%2Fanalysis%2Fmarket-analysis%3Fpage%3D48
Metals,https://kqmarkets.co.uk/article/2019-09-25/bitcoin-short-post-descending-triangle-formation?back=%2Fanalysis%2Fmarket-analysis%3Fpage%3D48
Indices,https://kqmarkets.co.uk/article/2019-09-25/gold-short-below-key-resistance-level?back=%2Fanalysis%2Fmarket-analysis%3Fpage%3D48
Forex,https://kqmarkets.co.uk/article/2019-09-25/silver-long-above-key-support-level?back=%2Fanalysis%2Fmarket-analysis%3Fpage%3D48
Forex,https://kqmarkets.co.uk/article/2019-09-24/wti-crude-oil-long-upside-potential?back=%2Fanalysis%2Fmarket-analysis%3Fpage%3D49
Forex,https://kqmarkets.co.uk/article/2019-09-23/eurusd-short-post-fed?back=%2Fanalysis%2Fmarket-analysis%3Fpage%3D49
Crypto,https://kqmarkets.co.uk/article/2019-09-23/usdjpy-long-pre-bank-of-japan?back=%2Fanalysis%2Fmarket-analysis%3Fpage%3D49
Indices,https://kqmarkets.co.uk/article/2019-09-23/audusd-short-pre-rba?back=%2Fanalysis%2Fmarket-analysis%3Fpage%3D49
Indices,https://kqmarkets.co.uk/article/2019-09-20/bitcoin-descending-triangle?back=%2Fanalysis%2Fmarket-analysis%3Fpage%3D49
Metals,https://kqmarkets.co.uk/article/2019-09-20/dax-continued-upward-momentum-post-ecb?back=%2Fanalysis%2Fmarket-analysis%3Fpage%3D49
Metals,https://kqmarkets.co.uk/article/2019-09-20/wti-crude-oil-long-upside-potentia?back=%2Fanalysis%2Fmarket-analysis%3Fpage%3D49
Forex,https://kqmarkets.co.uk/article/2019-09-18/silver-short-post-fed?back=%2Fanalysis%2Fmarket-analysis%3Fpage%3D49
Forex,https://kqmarkets.co.uk/article/2019-09-18/gold-short-post-fed?back=%2Fanalysis%2Fmarket-analysis%3Fpage%3D49
Forex,https://kqmarkets.co.uk/article/2019-09-17/usdjpy-long-breakout-continues?back=%2Fanalysis%2Fmarket-analysis%3Fpage%3D50
Crypto,https://kqmarkets.co.uk/article/2019-09-17/audusd-short-post-rba?back=%2Fanalysis%2Fmarket-analysis%3Fpage%3D50
Indices,https://kqmarkets.co.uk/article/2019-09-16/eurusd-still-short-post-ecb?back=%2Fanalysis%2Fmarket-analysis%3Fpage%3D50
Forex,https://kqmarkets.co.uk/article/2019-09-13/bitcoin-descending-triangle-still-neutral?back=%2Fanalysis%2Fmarket-analysis%3Fpage%3D50
Indices,https://kqmarkets.co.uk/article/2019-09-11/dax-massive-upside-potential-ecb-tomorow?back=%2Fanalysis%2Fmarket-analysis%3Fpage%3D50
Metals,https://kqmarkets.co.uk/article/2019-09-11/usdjpy-long-continued-upward-momentum?back=%2Fanalysis%2Fmarket-analysis%3Fpage%3D50
Forex,https://kqmarkets.co.uk/article/2019-09-10/us-crude-oil-long-further-upside-potential?back=%2Fanalysis%2Fmarket-analysis%3Fpage%3D50
Crypto,https://kqmarkets.co.uk/article/2019-09-10/gold-short-further-downside-potential?back=%2Fanalysis%2Fmarket-analysis%3Fpage%3D50
Forex,https://kqmarkets.co.uk/article/2019-09-09/eurusd-short-pre-ecb-thursday?back=%2Fanalysis%2Fmarket-analysis%3Fpage%3D50
Forex,https://kqmarkets.co.uk/article/2019-09-09/bitcoin-descending-triangle-pattern?back=%2Fanalysis%2Fmarket-analysis%3Fpage%3D51
Metals,https://kqmarkets.co.uk/article/2019-09-09/audusd-short-key-us-data-this-week?back=%2Fanalysis%2Fmarket-analysis%3Fpage%3D51
Metals,https://kqmarkets.co.uk/article/2019-09-06/usdjpy-bullish-falling-wedge-breakout?back=%2Fanalysis%2Fmarket-analysis%3Fpage%3D51
Forex,https://kqmarkets.co.uk/article/2019-09-06/gold-neutral-pre-payrolls?back=%2Fanalysis%2Fmarket-analysis%3Fpage%3D51
Indices,https://kqmarkets.co.uk/article/2019-09-05/silver-long-still-upside-potential?back=%2Fanalysis%2Fmarket-analysis%3Fpage%3D51
Forex,https://kqmarkets.co.uk/article/2019-09-04/usdjpy-long-bullish-falling-wedge-breakout?back=%2Fanalysis%2Fmarket-analysis%3Fpage%3D51
Metals,https://kqmarkets.co.uk/article/2019-09-04/dax-long-key-resistance-level-cleared?back=%2Fanalysis%2Fmarket-analysis%3Fpage%3D51
Crypto,https://kqmarkets.co.uk/article/2019-09-04/audusd-short-post-rba?back=%2Fanalysis%2Fmarket-analysis%3Fpage%3D51
Metals,https://kqmarkets.co.uk/article/2019-09-04/eurusd-short-payrolls-friday?back=%2Fanalysis%2Fmarket-analysis%3Fpage%3D51
Forex,https://kqmarkets.co.uk/article/2019-09-03/gold-long-key-resistance-level?back=%2Fanalysis%2Fmarket-analysis%3Fpage%3D52
Forex,https://kqmarkets.co.uk/article/2019-09-03/bitcoin-neutral-descending-triangle-pattern?back=%2Fanalysis%2Fmarket-analysis%3Fpage%3D52
Forex,https://kqmarkets.co.uk/article/2019-09-03/silver-long-further-upside-potential?back=%2Fanalysis%2Fmarket-analysis%3Fpage%3D52
Crypto,https://kqmarkets.co.uk/article/2019-09-02/eurusd-short-key-us-data-this-week?back=%2Fanalysis%2Fmarket-analysis%3Fpage%3D52
Forex,https://kqmarkets.co.uk/article/2019-09-02/usdjpy-long-bullish-falling-wedge-breakout?back=%2Fanalysis%2Fmarket-analysis%3Fpage%3D52
Forex,https://kqmarkets.co.uk/article/2019-09-02/audusd-short-slow-progress-to-breach-067?back=%2Fanalysis%2Fmarket-analysis%3Fpage%3D52
Forex,https://kqmarkets.co.uk/article/2019-08-30/bitcoin-neutral-descending-triangle-pattern?back=%2Fanalysis%2Fmarket-analysis%3Fpage%3D52
Indices,https://kqmarkets.co.uk/article/2019-08-29/usd-jpy-long-falling-wedge-breakout-gaining-momentum?back=%2Fanalysis%2Fmarket-analysis%3Fpage%3D52
Metals,https://kqmarkets.co.uk/article/2019-08-29/eurusd-short-key-support-level-broken?back=%2Fanalysis%2Fmarket-analysis%3Fpage%3D52
Crypto,https://kqmarkets.co.uk/article/2019-08-29/audusd-short-further-downside-potential?back=%2Fanalysis%2Fmarket-analysis%3Fpage%3D53
Forex,https://kqmarkets.co.uk/article/2019-08-28/us-crude-oil-long-key-support-leve?back=%2Fanalysis%2Fmarket-analysis%3Fpage%3D53
Metals,https://kqmarkets.co.uk/article/2019-08-28/gold-long-further-upside-potential?back=%2Fanalysis%2Fmarket-analysis%3Fpage%3D53
Forex,https://kqmarkets.co.uk/article/2019-08-28/bitcoin-neutral-still-in-descending-triangle-pattern-bitcoin-us-dollar-bitfinex-btcusd-497250-2000-040?back=%2Fanalysis%2Fmarket-analysis%3Fpage%3D53
Indices,https://kqmarkets.co.uk/article/2019-08-27/eur-usd-short-still-struggling-to-break-key-support-level?back=%2Fanalysis%2Fmarket-analysis%3Fpage%3D53
Forex,https://kqmarkets.co.uk/article/2019-08-27/silver-long-further-upside-potential?back=%2Fanalysis%2Fmarket-analysis%3Fpage%3D53
Forex,https://kqmarkets.co.uk/article/2019-08-27/audusd-short-post-rba?back=%2Fanalysis%2Fmarket-analysis%3Fpage%3D53
Metals,https://kqmarkets.co.uk/article/2019-08-26/dax-long-pre-probable-rate-cut-qe-in-september?back=%2Fanalysis%2Fmarket-analysis%3Fpage%3D53
Forex,https://kqmarkets.co.uk/article/2019-08-26/usdjpy-long-pre-powell-and-data-releases?back=%2Fanalysis%2Fmarket-analysis%3Fpage%3D53
Forex,https://kqmarkets.co.uk/article/2019-08-26/usdjpy-long-bullish-falling-wedge?back=%2Fanalysis%2Fmarket-analysis%3Fpage%3D54
Forex,https://kqmarkets.co.uk/article/2019-08-23/gold-short-pre-powell-jackson-hole?back=%2Fanalysis%2Fmarket-analysis%3Fpage%3D54
Metals,https://kqmarkets.co.uk/article/2019-08-22/usdjpy-long-struggling-to-break-key-resistance?back=%2Fanalysis%2Fmarket-analysis%3Fpage%3D54
Metals,https://kqmarkets.co.uk/article/2019-08-22/audusd-short-post-fed-minutes?back=%2Fanalysis%2Fmarket-analysis%3Fpage%3D54
Indices,https://kqmarkets.co.uk/article/2019-08-21/eurusd-short-despite-rebound-towards-111?back=%2Fanalysis%2Fmarket-analysis%3Fpage%3D54
Forex,https://kqmarkets.co.uk/article/2019-08-20/silver-long-upside-potential-if-key-resistance-level-broken?back=%2Fanalysis%2Fmarket-analysis%3Fpage%3D54
Crypto,https://kqmarkets.co.uk/article/2019-08-20/gold-still-neutral-after-pullback-to-1500?back=%2Fanalysis%2Fmarket-analysis%3Fpage%3D54
Crypto,https://kqmarkets.co.uk/article/2019-08-20/s-crude-wti-long-above-key-support-target-60?back=%2Fanalysis%2Fmarket-analysis%3Fpage%3D54
Forex,https://kqmarkets.co.uk/article/2019-08-19/audusd-short-sell-off-fizzling-out?back=%2Fanalysis%2Fmarket-analysis%3Fpage%3D54
Metals,https://kqmarkets.co.uk/article/2019-08-19/bitcoin-neutral-descending-triangle?back=%2Fanalysis%2Fmarket-analysis%3Fpage%3D55
Metals,https://kqmarkets.co.uk/article/2019-08-16/bitcoin-neutral-descending-triangle?back=%2Fanalysis%2Fmarket-analysis%3Fpage%3D55
Crypto,https://kqmarkets.co.uk/article/2019-08-16/usd-jpy-long-falling-wedge-potential-upside-breakout?back=%2Fanalysis%2Fmarket-analysis%3Fpage%3D55
Crypto,https://kqmarkets.co.uk/article/2019-08-15/silver-long-key-resistance-level?back=%2Fanalysis%2Fmarket-analysis%3Fpage%3D55
Indices,https://kqmarkets.co.uk/article/2019-08-15/gold-surging-despite-being-overbought-neutral?back=%2Fanalysis%2Fmarket-analysis%3Fpage%3D55
Crypto,https://kqmarkets.co.uk/article/2019-08-15/bitcoin-long-upside-potential-below-key-psychological-level?back=%2Fanalysis%2Fmarket-analysis%3Fpage%3D55
Forex,https://kqmarkets.co.uk/article/2019-08-14/bitcoin-neutral-fallen-below-key-support-level?back=%2Fanalysis%2Fmarket-analysis%3Fpage%3D55
Crypto,https://kqmarkets.co.uk/article/2019-08-13/oil-long-continued-upward-momentum-possible?back=%2Fanalysis%2Fmarket-analysis%3Fpage%3D55
Forex,https://kqmarkets.co.uk/article/2019-08-13/bitcoin-long-regulatory-concerns-re-emerge?back=%2Fanalysis%2Fmarket-analysis%3Fpage%3D55
Forex,https://kqmarkets.co.uk/article/2019-08-12/eurusd-short-important-data-releases-tomorow?back=%2Fanalysis%2Fmarket-analysis%3Fpage%3D56
Metals,https://kqmarkets.co.uk/article/2019-08-12/bitcoin-still-bullish-despite-pullback?back=%2Fanalysis%2Fmarket-analysis%3Fpage%3D56
Crypto,https://kqmarkets.co.uk/article/2019-08-12/usdjpy-long-key-support-level-crucial?back=%2Fanalysis%2Fmarket-analysis%3Fpage%3D56
Crypto,https://kqmarkets.co.uk/article/2019-08-12/audusd-short-downtrend-continues?back=%2Fanalysis%2Fmarket-analysis%3Fpage%3D56
Forex,https://kqmarkets.co.uk/article/2019-08-09/silver-long-above-key-support-level?back=%2Fanalysis%2Fmarket-analysis%3Fpage%3D56
Indices,https://kqmarkets.co.uk/article/2019-08-09/bitcoin-long-stable-market-encouraging-can-lead-to-breakout?back=%2Fanalysis%2Fmarket-analysis%3Fpage%3D56
Metals,https://kqmarkets.co.uk/article/2019-08-08/bitcoin-strong-possibility-of-upward-breakout?back=%2Fanalysis%2Fmarket-analysis%3Fpage%3D56
Metals,https://kqmarkets.co.uk/article/2019-08-08/eurusd-short-odds-of-fed-rate-cut-in-sep-and-dec-increasing?back=%2Fanalysis%2Fmarket-analysis%3Fpage%3D56
Forex,https://kqmarkets.co.uk/article/2019-08-08/oil-wti-long-opportunity?back=%2Fanalysis%2Fmarket-analysis%3Fpage%3D56
Crypto,https://kqmarkets.co.uk/article/2019-08-07/gold-long-upside-potential?back=%2Fanalysis%2Fmarket-analysis%3Fpage%3D57
Forex,https://kqmarkets.co.uk/article/2019-08-07/silver-long-target-area-in-sight?back=%2Fanalysis%2Fmarket-analysis%3Fpage%3D57
Forex,https://kqmarkets.co.uk/article/2019-08-07/usdjpy-long-upside-potential?back=%2Fanalysis%2Fmarket-analysis%3Fpage%3D57
Crypto,https://kqmarkets.co.uk/article/2019-08-06/bitcoin-long-at-crucial-resistance-level?back=%2Fanalysis%2Fmarket-analysis%3Fpage%3D57
US,https://kqmarkets.co.uk/article/2019-08-06/audusd-short-downward-slide-continues-china-rba?back=%2Fanalysis%2Fmarket-analysis%3Fpage%3D57
Forex,https://kqmarkets.co.uk/article/2019-08-06/eurusd-short-weak-upward-momentum?back=%2Fanalysis%2Fmarket-analysis%3Fpage%3D57
Forex,https://kqmarkets.co.uk/article/2019-08-05/bitcoin-long-strong-upward-momentum?back=%2Fanalysis%2Fmarket-analysis%3Fpage%3D57
Forex,https://kqmarkets.co.uk/article/2019-08-05/apple-neutral-hedge-position?back=%2Fanalysis%2Fmarket-analysis%3Fpage%3D57
US,https://kqmarkets.co.uk/article/2019-08-01/eurusd-short-post-fed-109-next-target?back=%2Fanalysis%2Fmarket-analysis%3Fpage%3D57
Metals,https://kqmarkets.co.uk/article/2019-08-01/audusd-short-post-fed?back=%2Fanalysis%2Fmarket-analysis%3Fpage%3D58
Forex,https://kqmarkets.co.uk/article/2019-08-01/usdjpy-long-post-fed-major-upside-potential?back=%2Fanalysis%2Fmarket-analysis%3Fpage%3D58
Forex,https://kqmarkets.co.uk/article/2019-07-31/apple-post-earnings-spike-next-target-all-time-highs?back=%2Fanalysis%2Fmarket-analysis%3Fpage%3D58
US,https://kqmarkets.co.uk/article/2019-07-31/silver-long-before-the-fed?back=%2Fanalysis%2Fmarket-analysis%3Fpage%3D58
Indices,https://kqmarkets.co.uk/article/2019-07-30/usdjpy-long-post-bank-of-japan?back=%2Fanalysis%2Fmarket-analysis%3Fpage%3D58
Metals,https://kqmarkets.co.uk/article/2019-07-30/eurusd-short?back=%2Fanalysis%2Fmarket-analysis%3Fpage%3D58
US,https://kqmarkets.co.uk/article/2019-07-30/apple-earnings-report-after-close-today?back=%2Fanalysis%2Fmarket-analysis%3Fpage%3D58
Indices,https://kqmarkets.co.uk/article/2019-07-29/natural-gas-long-long-term-upside-potential?back=%2Fanalysis%2Fmarket-analysis%3Fpage%3D58
Indices,https://kqmarkets.co.uk/article/2019-07-29/ftse-100-still-long-aiming-for-all-time-highs?back=%2Fanalysis%2Fmarket-analysis%3Fpage%3D58
Forex,https://kqmarkets.co.uk/article/2019-07-26/gold-long-fed-next-wednesday?back=%2Fanalysis%2Fmarket-analysis%3Fpage%3D59
Forex,https://kqmarkets.co.uk/article/2019-07-24/apple-still-long-ahead-of-earnings?back=%2Fanalysis%2Fmarket-analysis%3Fpage%3D59
Forex,https://kqmarkets.co.uk/article/2019-07-24/ftse-100-long?back=%2Fanalysis%2Fmarket-analysis%3Fpage%3D59
Crypto,https://kqmarkets.co.uk/article/2019-07-24/dax-long-ecb-tomorow?back=%2Fanalysis%2Fmarket-analysis%3Fpage%3D59
Metals,https://kqmarkets.co.uk/article/2019-07-23/usdjpy-long?back=%2Fanalysis%2Fmarket-analysis%3Fpage%3D59
Metals,https://kqmarkets.co.uk/article/2019-07-23/eurusd-short-long-term-key-data-this-week?back=%2Fanalysis%2Fmarket-analysis%3Fpage%3D59
Crypto,https://kqmarkets.co.uk/article/2019-07-23/audusd-short-rba-thursday?back=%2Fanalysis%2Fmarket-analysis%3Fpage%3D59
Facebook,https://kqmarkets.co.uk/article/2019-07-22/bitcoin-long-above-10000?back=%2Fanalysis%2Fmarket-analysis%3Fpage%3D59
US,https://kqmarkets.co.uk/article/2019-07-19/silver-potential-pullback-to-fibonnaci-support-level?back=%2Fanalysis%2Fmarket-analysis%3Fpage%3D59
Indices,https://kqmarkets.co.uk/article/2019-07-18/silver-still-long-key-fibonacci-resistance-level-broken?back=%2Fanalysis%2Fmarket-analysis%3Fpage%3D60
Forex,https://kqmarkets.co.uk/article/2019-07-17/bitcoin-long-buying-opportunity?back=%2Fanalysis%2Fmarket-analysis%3Fpage%3D60
Forex,https://kqmarkets.co.uk/article/2019-07-16/long-facebook-upside-potential?back=%2Fanalysis%2Fmarket-analysis%3Fpage%3D60
Forex,https://kqmarkets.co.uk/article/2019-07-12/long-apple-upside-potential?back=%2Fanalysis%2Fmarket-analysis%3Fpage%3D60
Indices,https://kqmarkets.co.uk/article/2019-07-11/short-dax-key-support-level-broken?back=%2Fanalysis%2Fmarket-analysis%3Fpage%3D60
Forex,https://kqmarkets.co.uk/article/2019-07-09/usdjpy-long-pre-fomc?back=%2Fanalysis%2Fmarket-analysis%3Fpage%3D60
Forex,https://kqmarkets.co.uk/article/2019-07-08/eurusd-short-post-payrolls?back=%2Fanalysis%2Fmarket-analysis%3Fpage%3D60
Forex,https://kqmarkets.co.uk/article/2019-07-07/short-aud-usd-post-rba?back=%2Fanalysis%2Fmarket-analysis%3Fpage%3D60
Crypto,https://kqmarkets.co.uk/article/2019-07-05/us-crude-oil-short?back=%2Fanalysis%2Fmarket-analysis%3Fpage%3D60
Crypto,https://kqmarkets.co.uk/article/2019-07-03/audusd-short?back=%2Fanalysis%2Fmarket-analysis%3Fpage%3D61
Metals,https://kqmarkets.co.uk/article/2019-07-02/eurusd-still-short?back=%2Fanalysis%2Fmarket-analysis%3Fpage%3D61
Crypto,https://kqmarkets.co.uk/article/2019-07-01/usdjpy-long-buy-opportunity?back=%2Fanalysis%2Fmarket-analysis%3Fpage%3D61
Forex,https://kqmarkets.co.uk/article/2019-06-27/bitcoin-still-long-after-pullback?back=%2Fanalysis%2Fmarket-analysis%3Fpage%3D61
Metals,https://kqmarkets.co.uk/article/2019-06-26/bitcoin-surging-still-long?back=%2Fanalysis%2Fmarket-analysis%3Fpage%3D61
Forex,https://kqmarkets.co.uk/article/2019-06-25/silver-upside-potenti?back=%2Fanalysis%2Fmarket-analysis%3Fpage%3D61
Forex,https://kqmarkets.co.uk/article/2019-06-24/bitcoin-bullish-as-long-as-price-above-10000?back=%2Fanalysis%2Fmarket-analysis%3Fpage%3D61
Forex,https://kqmarkets.co.uk/article/2019-06-21/eurusd-short-after-fomc?back=%2Fanalysis%2Fmarket-analysis%3Fpage%3D61
Metals,https://kqmarkets.co.uk/article/2019-06-20/gold-surge-possible-pullback?back=%2Fanalysis%2Fmarket-analysis%3Fpage%3D61
Indices,https://kqmarkets.co.uk/article/2019-06-19/audusd-still-short?back=%2Fanalysis%2Fmarket-analysis%3Fpage%3D62
Crypto,https://kqmarkets.co.uk/article/2019-06-18/eurusd-still-short?back=%2Fanalysis%2Fmarket-analysis%3Fpage%3D62
Indices,https://kqmarkets.co.uk/article/2019-06-17/usdjpy-still-long?back=%2Fanalysis%2Fmarket-analysis%3Fpage%3D62
Forex,https://kqmarkets.co.uk/article/2019-06-14/gold-still-going-up?back=%2Fanalysis%2Fmarket-analysis%3Fpage%3D62
Forex,https://kqmarkets.co.uk/article/2019-06-13/dax-still-short?back=%2Fanalysis%2Fmarket-analysis%3Fpage%3D62
Forex,https://kqmarkets.co.uk/article/2019-06-12/bitcoin-recovering-to-test-key-fibonacci-level-after-recent-dip?back=%2Fanalysis%2Fmarket-analysis%3Fpage%3D62
Metals,https://kqmarkets.co.uk/article/2019-06-05/dax-still-short-ahead-of-ecb-tomorow?back=%2Fanalysis%2Fmarket-analysis%3Fpage%3D62
Indices,https://kqmarkets.co.uk/article/2019-06-04/usdjpy-key-fibonacci-support-level?back=%2Fanalysis%2Fmarket-analysis%3Fpage%3D62
Indices,https://kqmarkets.co.uk/article/2019-06-04/audusd-short?back=%2Fanalysis%2Fmarket-analysis%3Fpage%3D62
Indices,https://kqmarkets.co.uk/article/2019-06-04/eurusd-short?back=%2Fanalysis%2Fmarket-analysis%3Fpage%3D63
Forex,https://kqmarkets.co.uk/article/2019-06-03/gold-falling-wedge-breakout?back=%2Fanalysis%2Fmarket-analysis%3Fpage%3D63
Indices,https://kqmarkets.co.uk/article/2019-05-31/dax-short?back=%2Fanalysis%2Fmarket-analysis%3Fpage%3D63
Crypto,https://kqmarkets.co.uk/article/2019-05-30/dax-still-shor?back=%2Fanalysis%2Fmarket-analysis%3Fpage%3D63
Forex,https://kqmarkets.co.uk/article/2019-05-30/dax-still-short?back=%2Fanalysis%2Fmarket-analysis%3Fpage%3D63
Forex,https://kqmarkets.co.uk/article/2019-05-29/eur-usd-short?back=%2Fanalysis%2Fmarket-analysis%3Fpage%3D63
Indices,https://kqmarkets.co.uk/article/2019-05-28/microsoft-post-bullish-flag-breakout?back=%2Fanalysis%2Fmarket-analysis%3Fpage%3D63
Crypto,https://kqmarkets.co.uk/article/2019-05-27/bitoin-finally-broke-fibonnaci-level?back=%2Fanalysis%2Fmarket-analysis%3Fpage%3D63
Forex,https://kqmarkets.co.uk/article/2019-05-24/audusd-still-short-next-fibonnaci-support-level-targeted?back=%2Fanalysis%2Fmarket-analysis%3Fpage%3D63
Crypto,https://kqmarkets.co.uk/article/2019-05-23/short-eurusd-short-broke-key-fibonacci-support-level?back=%2Fanalysis%2Fmarket-analysis%3Fpage%3D64
Forex,https://kqmarkets.co.uk/article/2019-05-21/dax-long-term-short-fibonnaci-resistance-level-key?back=%2Fanalysis%2Fmarket-analysis%3Fpage%3D64
Forex,https://kqmarkets.co.uk/article/2019-05-20/bitcoin-struggling-to-consolidate-at-fibonnaci-level-again?back=%2Fanalysis%2Fmarket-analysis%3Fpage%3D64
Forex,https://kqmarkets.co.uk/article/2019-05-17/eurusd-short-looking-to-break-key-fibonacci-support-level?back=%2Fanalysis%2Fmarket-analysis%3Fpage%3D64
Forex,https://kqmarkets.co.uk/article/2019-05-16/bitcoin-struggling-to-consolidate-at-fibonnaci-level?back=%2Fanalysis%2Fmarket-analysis%3Fpage%3D64
Crypto,https://kqmarkets.co.uk/article/2019-05-15/short-audusd-still-short-fibonnaci-support-level-broken?back=%2Fanalysis%2Fmarket-analysis%3Fpage%3D64
Forex,https://kqmarkets.co.uk/article/2019-05-14/eurusd-short-looking-to-break-key-fibonacci-support-level?back=%2Fanalysis%2Fmarket-analysis%3Fpage%3D64
Forex,https://kqmarkets.co.uk/article/2019-05-10/audusd-still-short?back=%2Fanalysis%2Fmarket-analysis%3Fpage%3D64
Forex,https://kqmarkets.co.uk/article/2019-05-09/eurusd-short-failure-to-break-key-fibonacci-resistance-level?back=%2Fanalysis%2Fmarket-analysis%3Fpage%3D64
Forex,https://kqmarkets.co.uk/article/2019-05-08/bitcoin-key-fibonnaci-resistance-level-bitcoin-us-dollar-bitfinex-btcusd-502820?back=%2Fanalysis%2Fmarket-analysis%3Fpage%3D65
Forex,https://kqmarkets.co.uk/article/2019-05-03/aud-usd-short-post-payrolls-pre-rba-7th-may?back=%2Fanalysis%2Fmarket-analysis%3Fpage%3D65
Forex,https://kqmarkets.co.uk/article/2019-05-02/eurusd-still-short-post-fomc?back=%2Fanalysis%2Fmarket-analysis%3Fpage%3D65
Indices,https://kqmarkets.co.uk/article/2019-05-01/eurusd-short-before-the-fomc?back=%2Fanalysis%2Fmarket-analysis%3Fpage%3D65
Crypto,https://kqmarkets.co.uk/article/2019-04-29/audusd-doji-candle-positive-reversal-still-short?back=%2Fanalysis%2Fmarket-analysis%3Fpage%3D65
Indices,https://kqmarkets.co.uk/article/2019-04-25/eurusd-bearish-flag-pattern-downtrend-resumes?back=%2Fanalysis%2Fmarket-analysis%3Fpage%3D65
Indices,https://kqmarkets.co.uk/article/2019-04-24/audusd-downtrend-resumed-after-bearish-engulfing-breakout?back=%2Fanalysis%2Fmarket-analysis%3Fpage%3D65
Indices,https://kqmarkets.co.uk/article/2019-04-23/long-canopy-growth-large-upside-potential?back=%2Fanalysis%2Fmarket-analysis%3Fpage%3D65
Forex,https://kqmarkets.co.uk/article/2019-04-22/bitcoin-ascending-triangle-breakout-golden-cross-potential-rally?back=%2Fanalysis%2Fmarket-analysis%3Fpage%3D65
Indices,https://kqmarkets.co.uk/article/2019-04-22/aurora-cannabis-broadening-top-high-growth-potential?back=%2Fanalysis%2Fmarket-analysis%3Fpage%3D66
Metals,https://kqmarkets.co.uk/article/2019-04-22/wti-crude-oil-rally-extension-fibonnaci?back=%2Fanalysis%2Fmarket-analysis%3Fpage%3D66
Indices,https://kqmarkets.co.uk/article/2019-04-19/dax-inverse-head-and-shoulders-pattern?back=%2Fanalysis%2Fmarket-analysis%3Fpage%3D66
Metals,https://kqmarkets.co.uk/article/2019-04-18/eurusd-double-top-reversal-pattern?back=%2Fanalysis%2Fmarket-analysis%3Fpage%3D66
Metals,https://kqmarkets.co.uk/article/2019-04-17/short-sp-500-bearish-rising-wedge?back=%2Fanalysis%2Fmarket-analysis%3Fpage%3D66
Indices,https://kqmarkets.co.uk/article/2019-04-16/short-gold-descending-triangle-1280-support-level-broken?back=%2Fanalysis%2Fmarket-analysis%3Fpage%3D66
Indices,https://kqmarkets.co.uk/article/2019-04-15/short-sp-500-potential-bearish-wedge?back=%2Fanalysis%2Fmarket-analysis%3Fpage%3D66
Forex,https://kqmarkets.co.uk/article/2019-04-12/silver-descending-triangle-downtrend?back=%2Fanalysis%2Fmarket-analysis%3Fpage%3D66
Crypto,https://kqmarkets.co.uk/article/2019-04-10/gold-descending-triangle-downtrend?back=%2Fanalysis%2Fmarket-analysis%3Fpage%3D66
Crypto,https://kqmarkets.co.uk/article/2019-04-09/short-dax?back=%2Fanalysis%2Fmarket-analysis%3Fpage%3D67
Crypto,https://kqmarkets.co.uk/article/2019-04-07/wti-crude-oil-triple-moving-average-crossover-buy-signal?back=%2Fanalysis%2Fmarket-analysis%3Fpage%3D67
Forex,https://kqmarkets.co.uk/article/2019-04-05/short-audusd?back=%2Fanalysis%2Fmarket-analysis%3Fpage%3D67
Indices,https://kqmarkets.co.uk/article/2019-04-04/bitcoin-bullish-continuation?back=%2Fanalysis%2Fmarket-analysis%3Fpage%3D67
Indices,https://kqmarkets.co.uk/article/2019-04-02/bitcoin-ascending-triangle-continues-uptrend?back=%2Fanalysis%2Fmarket-analysis%3Fpage%3D67
Crypto,https://kqmarkets.co.uk/article/2019-04-02/bitcoing-ascending-triangle-continues-uptrend?back=%2Fanalysis%2Fmarket-analysis%3Fpage%3D67
